,Terms and Conditions,Supplier,Date,Branch,Supplier Invoice No,Supplier Invoice Date,Faktur Pajak No,Payment Terms Template,Item (Items),Item Name (Items),Accepted Qty (Items),Rate (Items),UOM (Items),Purchase Order (Items),Purchase Order Item (Items),Purchase Receipt (Items),Purchase Receipt Detail (Items),Account Head (Purchase Taxes and Charges),Add or Deduct (Purchase Taxes and Charges),Consider Tax or Charge for (Purchase Taxes and Charges),Description (Purchase Taxes and Charges),Type (Purchase Taxes and Charges),Is this Tax included in Basic Rate? (Purchase Taxes and Charges),Is Tax Withholding Account (Purchase Taxes and Charges),Reference Type (Advances),Reference Name (Advances),Allocated Amount (Advances),Advance amount (Advances)
0,PI.2025.01.00133,CV BANDUNG GEMILANG SENTOSA,22/01/2025,SURABAYA,0125/132,,04002500015431075,,GU140TAK,GREE GU140T/A-K,2,,,PO.2025.01.00110,,,,,,,,,,,,,,
1,PI.2025.01.00002,PT DAIKIN AIRCONDITIONING INDONESIA,03/01/2025,SURABAYA,0125/002,,04002500005683904,,STC15NV,DAIKIN STC-15NV,10,,,PO.2025.01.00002,,,,,,,,,,,,,,
2,PI.2025.01.00211,PT SHARP ELECTRONICS INDONESIA,31/01/2025,SURABAYA,0125/210,,04002500014448481,,AHA5BEY,SHARP AH-A5BEY,45,,,PO.2025.01.00133,,,,,,,,,,,,,,
3,PI.2025.01.00212,PT SHARP ELECTRONICS INDONESIA,31/01/2025,SURABAYA,0125/211,,04002500014449257,,AHA9BEY,SHARP AH-A9BEY,20,,,PO.2025.01.00133,,,,,,,,,,,,,,
4,PI.2025.01.00211,PT SHARP ELECTRONICS INDONESIA,31/01/2025,SURABAYA,0125/210,,04002500014448481,,AHA9BEY,SHARP AH-A9BEY,35,,,PO.2025.01.00133,,,,,,,,,,,,,,
5,PI.2025.01.00025,PT SAMSUNG ELECTRONICS INDONESIA,09/01/2025,SURABAYA,0125/025,,04002500004433837,,AR05BGHQ,SAMSUNG AR05BGHQ,5,,,PO.2024.11.00059,,,,,,,,,,,,,,
6,PI.2025.01.00025,PT SAMSUNG ELECTRONICS INDONESIA,09/01/2025,SURABAYA,0125/025,,04002500004433837,,AR09BGHQ,SAMSUNG AR09BGHQ,5,,,PO.2024.11.00059,,,,,,,,,,,,,,
7,PI.2025.01.00134,PT SARANA KENCANA MULYA,23/01/2025,SURABAYA,0125/134,,04002500011153225,,PSF2032,POLYTRON PSF2032,10,,,PO.2025.01.00163,,,,,,,,,,,,,,
8,PI.2025.01.00135,PT MIDEA PLANET INDONESIA,24/01/2025,SURABAYA,0125/135,,,,MPHA05CRN7,MIDEA MPHA-05CRN7,10,,,PO.2025.01.00116,,,,,,,,,,,,,,
9,PI.2025.01.00136,PT MIDEA PLANET INDONESIA,24/01/2025,SURABAYA,0125/136,,,,MSFC05CRN2X,MIDEA MSFC05CRN2X,30,,,PO.2025.01.00024,,,,,,,,,,,,,,
10,PI.2025.01.00137,PT MIDEA PLANET INDONESIA,24/01/2025,SURABAYA,0125/137,,,,MSAF07CRN2,MIDEA MSAF07CRN2,5,,,PO.2025.01.00028,,,,,,,,,,,,,,
11,PI.2025.01.00004,PT DAIKIN AIRCONDITIONING INDONESIA,03/01/2025,SURABAYA,0125/004,,04002500005683905,,2MKC20RVM1515,DAIKIN 2MKC20RVM (15+15),1,,,PO.2025.01.00004,,,,,,,,,,,,,,
12,PI.2025.01.00138,PT MIDEA PLANET INDONESIA,24/01/2025,SURABAYA,0125/138,,,,MPHA09CRN7,MIDEA MPHA-09CRN7,5,,,PO.2025.01.00024,,,,,,,,,,,,,,
13,PI.2025.01.00006,PT LG ELECTRONICS INDONESIA,04/01/2025,SURABAYA,0125/006,,04002500006785997,,T09EV5,LG T09EV5,5,,,PO.2025.01.00007,,,,,,,,,,,,,,
14,PI.2025.01.00008,PT AKARI INDONESIA,04/01/2025,SURABAYA,0125/008,,04002500007103933,,A05TC88NLW,AKARI A05TC88NLW,15,,,PO.2025.01.00010,,,,,,,,,,,,,,
15,PI.2025.01.00064,PT DAIKIN AIRCONDITIONING INDONESIA,14/01/2025,SURABAYA,0125/069,,04002500006239568,,STV25CXV,DAIKIN STV-25CXV,10,,,PO.2025.01.00056,,,,,,,,,,,,,,
16,PI.2025.01.00145,PT SARANA KENCANA MULYA,23/01/2025,MADIUN,0125/146,,04002500011153253,,PAC05VH,POLYTRON PAC05VH,40,,,PO.2025.01.00019,,,,,,,,,,,,,,
17,PI.2025.01.00143,PT SHARP ELECTRONICS INDONESIA,24/01/2025,BALI,0125/144,,04002500011671319,,AHAP5BMY,SHARP AH-AP5BMY,5,,,PO.2025.01.00107,,,,,,,,,,,,,,
18,PI.2025.01.00143,PT SHARP ELECTRONICS INDONESIA,24/01/2025,BALI,0125/144,,04002500011671319,,AHAP9BMY,SHARP AH-AP9BMY,5,,,PO.2025.01.00107,,,,,,,,,,,,,,
19,PI.2025.01.00065,PT SARANA KENCANA MULYA,14/01/2025,SURABAYA,0125/070,,04002500004429262,,PAC09VH,POLYTRON PAC09VH,17,,,PO.2025.01.00019,,,,,,,,,,,,,,
20,PI.2025.01.00147,PT PANASONIC GOBEL INDONESIA,28/01/2025,SURABAYA,0125/148,,04002500013711823,,CSCUYN9AKJ,PANASONIC CS/CU-YN9AKJ,130,,,PO.2025.01.00047,,,,,,,,,,,,,,
21,PI.2025.01.00148,PT DAIKIN AIRCONDITIONING INDONESIA,24/01/2025,SURABAYA,0125/142,,04002500012349640,,STC25NV,DAIKIN STC-25NV,5,,,PO.2025.01.00118,,,,,,,,,,,,,,
22,PI.2025.01.00149,PT SARANA KENCANA MULYA,24/01/2025,SURABAYA,0125/133,,04002500011153269,,PSF2032,POLYTRON PSF2032,1,,,PO.2025.01.00109,,,,,,,,,,,,,,
23,PI.2025.01.00066,PT SARANA KENCANA MULYA,14/01/2025,SURABAYA,0125/071,,04002500004429277,,PAC05VH,POLYTRON PAC05VH,33,,,PO.2025.01.00019,,,,,,,,,,,,,,
24,PI.2025.01.00152,PT TRIMASTER JAYA ABADI,25/01/2025,SURABAYA,0125/151,,04002500017889610,,GWC07MOO5S,GREE GWC-07MOO5S,5,,,PO.2025.01.00129,,,,,,,,,,,,,,
25,PI.2025.01.00153,PT SHARP ELECTRONICS INDONESIA,25/01/2025,SURABAYA,0125/152,,04002500012851258,,AHA18ZCY,SHARP AH-A18ZCY,10,,,PO.2025.01.00127,,,,,,,,,,,,,,
26,PI.2025.01.00067,CV MUARA PERKASA,15/01/2025,BALI,0125/072,,04002500002121085,,GWC05MOO5S,GREE GWC-05MOO5S,20,,,PO.2025.01.00069,,,,,,,,,,,,,,
27,PI.2025.01.00154,PT SHARP ELECTRONICS INDONESIA,25/01/2025,SURABAYA,0125/153,,04002500012851348,,AHA18ZCY,SHARP AH-A18ZCY,10,,,PO.2025.01.00127,,,,,,,,,,,,,,
28,PI.2025.01.00032,PT PANASONIC GOBEL INDONESIA,10/01/2025,SURABAYA,0125/032,,04002500004352295,,FV15TGU1W,PANASONIC FV-15TGU1-W,20,,,PO.2025.01.00039,,,,,,,,,,,,,,
29,PI.2025.01.00032,PT PANASONIC GOBEL INDONESIA,10/01/2025,SURABAYA,0125/032,,04002500004352295,,FV25TGU5W,PANASONIC FV-25TGU5-W,20,,,PO.2025.01.00039,,,,,,,,,,,,,,
30,PI.2025.01.00012,PT TRIMASTER JAYA ABADI,07/01/2025,SURABAYA,0125/012,,04002500008977802,,GEVER1438,"GEVER INVERTER 1/4-3/8""",8,,,PO.2025.01.00027,,,,,,,,,,,,,,
31,PI.2025.01.00106,PT PUCANGADI JAYA,22/01/2025,BALI,0125/107,,04002500006446650,,GWC09MOO5S,GREE GWC-09MOO5S,15,,,PO.2025.01.00099,,,,,,,,,,,,,,
32,PI.2025.01.00157,PT SAMSUNG ELECTRONICS INDONESIA,28/01/2025,BALI,0125/156,,040.003-25.35260222,,AC071TN4PKC/EA,SAMSUNG AC071TN4PKC/EA,1,,,PO.2025.01.00121,,,,,,,,,,,,,,
33,PI.2025.01.00158,PT JATIM WATKORAYA,28/01/2025,BALI,0125/160,,04002500021113455,,ETERNA3X2.5MM,"ETERNA 3X2,5MM",3,,,PO.2025.01.00136,,,,,,,,,,,,,,
34,PI.2025.01.00161,CV BANDUNG GEMILANG SENTOSA,23/01/2025,SURABAYA,0125/159,,04002500010514805,,GWC07MOO5S,GREE GWC-07MOO5S,3,,,PO.2025.01.00122,,,,,,,,,,,,,,
35,PI.2025.01.00071,PT DAIKIN AIRCONDITIONING INDONESIA,15/01/2025,SURABAYA,0125/076,,04002500006373020,,STC25NV,DAIKIN STC-25NV,5,,,PO.2025.01.00066,,,,,,,,,,,,,,
36,PI.2025.01.00161,CV BANDUNG GEMILANG SENTOSA,23/01/2025,SURABAYA,0125/159,,04002500010514805,,GWC18N1A,GREE GWC-18N1A,14,,,PO.2025.01.00122,,,,,,,,,,,,,,
37,PI.2025.01.00162,PT CATURAGA TIARA PERSADA,30/01/2025,SURABAYA,0125/161,,04002500028408194,,CW0501RA,REIWA CW-0501RA,30,,,PO.2025.01.00009,,,,,,,,,,,,,,
38,PI.2025.01.00011,PT DAIKIN AIRCONDITIONING INDONESIA,07/01/2025,SURABAYA,0125/011,,04002500005683873,,STC25NV,DAIKIN STC-25NV,10,,,PO.2025.01.00008,,,,,,,,,,,,,,
39,PI.2025.01.00011,PT DAIKIN AIRCONDITIONING INDONESIA,07/01/2025,SURABAYA,0125/011,,04002500005683873,,STC50XV,DAIKIN STC-50XV,45,,,PO.2025.01.00008,,,,,,,,,,,,,,
40,PI.2025.01.00127,PT FLIFE TECHNOLOGIES INDONESIA,23/01/2025,SURABAYA,0125/126,,04002500021567080,,FAC05FC00,FLIFE FAC-05FC00,7,,,PO.2025.01.00108,,,,,,,,,,,,,,
41,PI.2025.01.00163,CV BALLY AIRCOND,30/01/2025,BALI,0125/162,,04002500012164717,,GWC18N1A,GREE GWC-18N1A,10,,,PO.2025.01.00135,,,,,,,,,,,,,,
42,PI.2025.01.00127,PT FLIFE TECHNOLOGIES INDONESIA,23/01/2025,SURABAYA,0125/126,,04002500021567080,,FAC09FC00,FLIFE FAC-09FC00,3,,,PO.2025.01.00108,,,,,,,,,,,,,,
43,PI.2025.01.00071,PT DAIKIN AIRCONDITIONING INDONESIA,15/01/2025,SURABAYA,0125/076,,04002500006373020,,STKF35AV,DAIKIN STKF-35AV,1,,,PO.2025.01.00066,,,,,,,,,,,,,,
44,PI.2025.01.00164,PT SHARP ELECTRONICS INDONESIA,30/01/2025,BALI,0125/163,,04002500012861978,,PB40509,"SHARP 1/4""-3/8"" (0,50-0,60)",1,,,PO.2024.10.00178,,,,,,,,,,,,,,
45,PI.2025.01.00164,PT SHARP ELECTRONICS INDONESIA,30/01/2025,BALI,0125/163,,04002500012861978,,PB40509,"SHARP 1/4""-3/8"" (0,50-0,60)",1,,,PO.2024.12.00001,,,,,,,,,,,,,,
46,PI.2025.01.00072,CV JAYA ARTHA SEJAHTERA,15/01/2025,SURABAYA,0125/077,,04002500027256050,,DINABOLT,DINABOLT,1500,,,PO.2024.12.00103,,,,,,,,,,,,,,
47,PI.2025.01.00164,PT SHARP ELECTRONICS INDONESIA,30/01/2025,BALI,0125/163,,04002500012861978,,PB40509,"SHARP 1/4""-3/8"" (0,50-0,60)",1,,,PO.2024.12.00126,,,,,,,,,,,,,,
48,PI.2025.01.00165,AINUR ROFIQ,30/01/2025,SURABAYA,0125/164,,,,,,1,,,PO.2025.01.00145,,,,,,,,,,,,,,
49,PI.2025.01.00014,PT SARANA KENCANA MULYA,07/01/2025,SURABAYA,0125/014,,04002500011594541,,PAC05VZI,POLYTRON PAC05VZI,5,,,PO.2025.01.00023,,,,,,,,,,,,,,
50,PI.2025.01.00146,PT PUCANGADI JAYA,28/01/2025,BALI,0125/147,,04002500016550201,,GWC05MOO5S,GREE GWC-05MOO5S,20,,,PO.2025.01.00119,,,,,,,,,,,,,,
51,PI.2025.01.00166,PT SHARP ELECTRONICS INDONESIA,30/01/2025,SURABAYA,0125/165,,04002500012859778,,AHA5BEY,SHARP AH-A5BEY,50,,,PO.2025.01.00133,,,,,,,,,,,,,,
52,PI.2025.01.00166,PT SHARP ELECTRONICS INDONESIA,30/01/2025,SURABAYA,0125/165,,04002500012859778,,AHA7BEY,SHARP AH-A7BEY,5,,,PO.2025.01.00133,,,,,,,,,,,,,,
53,PI.2025.01.00166,PT SHARP ELECTRONICS INDONESIA,30/01/2025,SURABAYA,0125/165,,04002500012859778,,AHA9BEY,SHARP AH-A9BEY,45,,,PO.2025.01.00133,,,,,,,,,,,,,,
54,PI.2025.01.00167,PT SHARP ELECTRONICS INDONESIA,30/01/2025,SURABAYA,0125/166,,04002500012859833,,AHA9BEY,SHARP AH-A9BEY,10,,,PO.2025.01.00133,,,,,,,,,,,,,,
55,PI.2025.01.00168,PT PANASONIC GOBEL INDONESIA,30/01/2025,SURABAYA,0125/167,,04002500015098009,,CSCUPN18AKJ,PANASONIC CS/CU-PN18AKJ,1,,,PO.2025.01.00134,,,,,,,,,,,,,,
56,PI.2025.01.00168,PT PANASONIC GOBEL INDONESIA,30/01/2025,SURABAYA,0125/167,,04002500015098009,,CSCURU12AKJ,PANASONIC CS/CU-RU12AKJ,1,,,PO.2025.01.00134,,,,,,,,,,,,,,
57,PI.2025.01.00014,PT SARANA KENCANA MULYA,07/01/2025,SURABAYA,0125/014,,04002500011594541,,PAC09VZI,POLYTRON PAC09VZI,5,,,PO.2025.01.00023,,,,,,,,,,,,,,
58,PI.2025.01.00093,PT TRIMASTER JAYA ABADI,17/01/2025,SURABAYA,0125/095,,04002500010773599,,GWC18N1A,GREE GWC-18N1A,15,,,PO.2025.01.00088,,,,,,,,,,,,,,
59,PI.2025.01.00093,PT TRIMASTER JAYA ABADI,17/01/2025,SURABAYA,0125/095,,04002500010773599,,FM12512K,GREE FM-1.25-12-K,4,,,PO.2025.01.00088,,,,,,,,,,,,,,
60,PI.2025.01.00168,PT PANASONIC GOBEL INDONESIA,30/01/2025,SURABAYA,0125/167,,04002500015098009,,,,1,,,PO.2025.01.00134,,,,,,,,,,,,,,
61,PI.2025.01.00169,PT AKARI INDONESIA,30/01/2025,SURABAYA,0125/168,,04002500014827459,,A05TC88NLW,AKARI A05TC88NLW,5,,,PO.2025.01.00111,,,,,,,,,,,,,,
62,PI.2025.01.00019,PT DAIKIN AIRCONDITIONING INDONESIA,08/01/2025,SURABAYA,0125/019,,04002500005676134,,STC50XV,DAIKIN STC-50XV,5,,,PO.2025.01.00025,,,,,,,,,,,,,,
63,PI.2025.01.00170,PT AKARI INDONESIA,30/01/2025,SURABAYA,0125/169,,04002500014827466,,A05TC88NLW,AKARI A05TC88NLW,2,,,PO.2025.01.00132,,,,,,,,,,,,,,
64,PI.2025.01.00170,PT AKARI INDONESIA,30/01/2025,SURABAYA,0125/169,,04002500014827466,,A09TC88NLW,AKARI A09TC88NLW,1,,,PO.2025.01.00132,,,,,,,,,,,,,,
65,PI.2025.01.00015,PT MEGAH PERTAMA INDAH,06/01/2025,SURABAYA,0125/015,,04002500000638350,,L43H7,CHANGHONG L43H7,7,,,PO.2025.01.00013,,,,,,,,,,,,,,
66,PI.2025.01.00015,PT MEGAH PERTAMA INDAH,06/01/2025,SURABAYA,0125/015,,04002500000638350,,GMB50,GEA GMB50,3,,,PO.2025.01.00013,,,,,,,,,,,,,,
67,PI.2025.01.00019,PT DAIKIN AIRCONDITIONING INDONESIA,08/01/2025,SURABAYA,0125/019,,04002500005676134,,STC15NV,DAIKIN STC-15NV,2,,,PO.2025.01.00025,,,,,,,,,,,,,,
68,PI.2025.01.00016,PT MEGAH PERTAMA INDAH,06/01/2025,SURABAYA,0125/016,,04002500000638351,,PWC776,POLYTRON PWC-776,1,,,PO.2025.01.00018,,,,,,,,,,,,,,
69,PI.2025.01.00019,PT DAIKIN AIRCONDITIONING INDONESIA,08/01/2025,SURABAYA,0125/019,,04002500005676134,,STC25NV,DAIKIN STC-25NV,5,,,PO.2025.01.00025,,,,,,,,,,,,,,
70,PI.2025.01.00017,CV MUARA PERKASA,08/01/2025,BALI,0125/017,,04002500000875932,,GWC05MOO5S,GREE GWC-05MOO5S,20,,,PO.2025.01.00030,,,,,,,,,,,,,,
71,PI.2025.01.00019,PT DAIKIN AIRCONDITIONING INDONESIA,08/01/2025,SURABAYA,0125/019,,04002500005676134,,STC35NV,DAIKIN STC-35NV,3,,,PO.2025.01.00025,,,,,,,,,,,,,,
72,PI.2025.01.00018,CV BALLY AIRCOND,08/01/2025,BALI,0125/018,,04002500000678254,,GWC18N1A,GREE GWC-18N1A,5,,,PO.2025.01.00031,,,,,,,,,,,,,,
73,PI.2025.01.00171,CV ALLEND,24/01/2025,BALI,0125/171,,04002500010902038,,,,1,,,PO.2025.01.00153,,,,,,,,,,,,,,
74,PI.2025.01.00155,PT SARANA KENCANA MULYA,31/01/2025,MADIUN,0125/154,,04002500014893115,,PCT5032,POLYTRON PCT5032,2,,,PO.2025.01.00125,,,,,,,,,,,,,,
75,PI.2025.01.00019,PT DAIKIN AIRCONDITIONING INDONESIA,08/01/2025,SURABAYA,0125/019,,04002500005676134,,STKF35AV,DAIKIN STKF-35AV,1,,,PO.2025.01.00025,,,,,,,,,,,,,,
76,PI.2025.01.00079,PT TOKOPEDIA,01/01/2025,SURABAYA,0125/080,,040.002-25.40191890,,SF,SERVICE FEE,1,,,PO.2025.01.00084,,,,,,,,,,,,,,
77,PI.2025.01.00074,PT MIDEA PLANET INDONESIA,15/01/2025,SURABAYA,0125/060,,,,MCD24CRN,MIDEA MCD-24CRN,1,,,PO.2025.01.00035,,,,,,,,,,,,,,
78,PI.2025.01.00075,PT MIDEA PLANET INDONESIA,15/01/2025,SURABAYA,0125/061,,,,MCD18CRN,MIDEA MCD-18CRN,3,,,PO.2025.01.00053,,,,,,,,,,,,,,
79,PI.2025.01.00083,PT DAIKIN AIRCONDITIONING INDONESIA,15/01/2025,MADIUN,0125/084,,04002500006373042,,STC15NV,DAIKIN STC-15NV,10,,,PO.2025.01.00063,,,,,,,,,,,,,,
80,PI.2025.01.00171,CV ALLEND,24/01/2025,BALI,0125/171,,04002500010902038,,JASAPEMASANGAN,JASA PEMASANGAN,1,,,PO.2025.01.00153,,,,,,,,,,,,,,
81,PI.2025.01.00019,PT DAIKIN AIRCONDITIONING INDONESIA,08/01/2025,SURABAYA,0125/019,,04002500005676134,,STV50CXV,DAIKIN STV-50CXV,10,,,PO.2025.01.00025,,,,,,,,,,,,,,
82,PI.2025.01.00083,PT DAIKIN AIRCONDITIONING INDONESIA,15/01/2025,MADIUN,0125/084,,04002500006373042,,STC50XV,DAIKIN STC-50XV,10,,,PO.2025.01.00063,,,,,,,,,,,,,,
83,PI.2025.01.00082,PT MIDEA PLANET INDONESIA,16/01/2025,BALI,0125/083,,,,MPHA05CRN7,MIDEA MPHA-05CRN7,5,,,PO.2025.01.00044,,,,,,,,,,,,,,
84,PI.2025.01.00082,PT MIDEA PLANET INDONESIA,16/01/2025,BALI,0125/083,,,,MPF212CRN1,MIDEA MPF2-12CRN1,5,,,PO.2025.01.00044,,,,,,,,,,,,,,
85,PI.2025.01.00076,PT GENERGY GLOBAL INDONESIA,15/01/2025,SURABAYA,0125/062,,04022500003589157,,MCD18CRDN2,MIDEA MCD-18CRDN2,1,,,PO.2025.01.00055,,,,,,,,,,,,,,
86,PI.2025.01.00020,PT DAIKIN AIRCONDITIONING INDONESIA,08/01/2025,SURABAYA,0125/020,,04002500005676145,,STP15AV9,DAIKIN STP-15AV9,32,,,PO.2025.01.00021,,,,,,,,,,,,,,
87,PI.2025.01.00020,PT DAIKIN AIRCONDITIONING INDONESIA,08/01/2025,SURABAYA,0125/020,,04002500005676145,,STP25AV9,DAIKIN STP-25AV9,18,,,PO.2025.01.00021,,,,,,,,,,,,,,
88,PI.2025.01.00021,PT DAIKIN AIRCONDITIONING INDONESIA,08/01/2025,SURABAYA,0125/021,,04002500005676115,,SVC85AYL,DAIKIN SVC85AYL,1,,,PO.2025.01.00017,,,,,,,,,,,,,,
89,PI.2025.01.00022,PT DAIKIN AIRCONDITIONING INDONESIA,08/01/2025,SURABAYA,0125/022,,04002500005676089,,2MKC20RVM1515,DAIKIN 2MKC20RVM (15+15),1,,,PO.2025.01.00026,,,,,,,,,,,,,,
90,PI.2025.01.00173,PT LG ELECTRONICS INDONESIA,31/01/2025,SURABAYA,0125/173,,040.003-25.14055355,,H09TN4SCAX,LG H09TN4.SCAX,15,,,PO.2025.01.00032,,,,,,,,,,,,,,
91,PI.2025.01.00174,PT LG ELECTRONICS INDONESIA,31/01/2025,SURABAYA,0125/174,,040.003-24.14055350,,T18EV5,LG T18EV5,10,,,PO.2025.01.00032,,,,,,,,,,,,,,
92,PI.2025.01.00083,PT DAIKIN AIRCONDITIONING INDONESIA,15/01/2025,MADIUN,0125/084,,04002500006373042,,STV50CXV,DAIKIN STV-50CXV,10,,,PO.2025.01.00063,,,,,,,,,,,,,,
93,PI.2025.01.00175,PT LG ELECTRONICS INDONESIA,31/01/2025,SURABAYA,0125/175,,040.003-25.14055353,,H07TN4SCAX,LG H07TN4.SCAX,10,,,PO.2025.01.00007,,,,,,,,,,,,,,
94,PI.2025.01.00176,CV ALLEND,24/01/2025,BALI,0125/176,,04012500010902039,,,,1,,,PO.2025.01.00152,,,,,,,,,,,,,,
95,PI.2025.01.00176,CV ALLEND,24/01/2025,BALI,0125/176,,04012500010902039,,JASAPEMASANGAN,JASA PEMASANGAN,1,,,PO.2025.01.00152,,,,,,,,,,,,,,
96,PI.2025.01.00177,CV ALLEND,24/01/2025,BALI,0125/177,,04002500010902037,,,,1,,,PO.2025.01.00154,,,,,,,,,,,,,,
97,PI.2025.01.00178,PT MIDEA PLANET INDONESIA,31/01/2025,SURABAYA,0125/178,,,,MSIAF09CRDN2X,MIDEA MSIAF09CRDN2X,2,,,PO.2025.01.00116,,,,,,,,,,,,,,
98,PI.2025.01.00179,PT MIDEA PLANET INDONESIA,31/01/2025,SURABAYA,0125/179,,,,MSFC09CRN2X,MIDEA MSFC09CRN2X,5,,,PO.2025.01.00024,,,,,,,,,,,,,,
99,PI.2025.01.00179,PT MIDEA PLANET INDONESIA,31/01/2025,SURABAYA,0125/179,,,,MSFC05CRN2X,MIDEA MSFC05CRN2X,10,,,PO.2025.01.00024,,,,,,,,,,,,,,
100,PI.2025.01.00183,PT SHARP ELECTRONICS INDONESIA,31/01/2025,BALI,0125/182,,04002500014539560,,AHA5BEY,SHARP AH-A5BEY,10,,,PO.2025.01.00157,,,,,,,,,,,,,,
101,PI.2025.01.00183,PT SHARP ELECTRONICS INDONESIA,31/01/2025,BALI,0125/182,,04002500014539560,,AHA9BEY,SHARP AH-A9BEY,10,,,PO.2025.01.00157,,,,,,,,,,,,,,
102,PI.2025.01.00184,PT SHARP ELECTRONICS INDONESIA,31/01/2025,BALI,0125/183,,04002500014539573,,AHA5BEY,SHARP AH-A5BEY,15,,,PO.2025.01.00157,,,,,,,,,,,,,,
103,PI.2025.01.00184,PT SHARP ELECTRONICS INDONESIA,31/01/2025,BALI,0125/183,,04002500014539573,,AHA9BEY,SHARP AH-A9BEY,15,,,PO.2025.01.00157,,,,,,,,,,,,,,
104,PI.2025.01.00130,PT SHOPEE INTERNATIONAL INDONESIA,01/01/2025,SURABAYA,0125/129,,040.001-25.08839303,,BA,BIAYA ADMINISTRASI,1,,,PO.2025.01.00123,,,,,,,,,,,,,,
105,PI.2025.01.00187,CV MULTI GUNA SELARAS,31/01/2025,SURABAYA,0125/186,,04002500014919048,,SRK05CR,MITSUBISHI HEAVY INDUSTRIES SRK05CR,1,,,PO.2025.01.00151,,,,,,,,,,,,,,
106,PI.2025.01.00187,CV MULTI GUNA SELARAS,31/01/2025,SURABAYA,0125/186,,04002500014919048,,SRK18CS,MITSUBISHI HEAVY INDUSTRIES SRK18CS,2,,,PO.2025.01.00151,,,,,,,,,,,,,,
107,PI.2025.01.00188,PT SARANA KENCANA MULYA,31/01/2025,SURABAYA,0125/187,,04002500014893185,,PAC05VH,POLYTRON PAC05VH,50,,,PO.2025.01.00019,,,,,,,,,,,,,,
108,PI.2025.01.00023,PT CHANGHONG MEILING ELECTRIC INDONESIA,08/01/2025,SURABAYA,0125/023,,04002500025760661,,CSC09NVC4,CHANGHONG CSC-09NVC4,15,,,PO.2025.01.00006,,,,,,,,,,,,,,
109,PI.2025.01.00189,PT DAIKIN AIRCONDITIONING INDONESIA,31/01/2025,SURABAYA,0125/189,,04002500013944532,,STC15NV,DAIKIN STC-15NV,15,,,PO.2025.01.00142,,,,,,,,,,,,,,
110,PI.2025.01.00190,PT SARANA KENCANA MULYA,31/01/2025,SURABAYA,0125/188,,04002500014893188,,PAC05VZI,POLYTRON PAC05VZI,11,,,PO.2025.01.00148,,,,,,,,,,,,,,
111,PI.2025.01.00190,PT SARANA KENCANA MULYA,31/01/2025,SURABAYA,0125/188,,04002500014893188,,PAC05VZSI,POLYTRON PAC05VZSI,11,,,PO.2025.01.00148,,,,,,,,,,,,,,
112,PI.2025.01.00190,PT SARANA KENCANA MULYA,31/01/2025,SURABAYA,0125/188,,04002500014893188,,PAC09VZI,POLYTRON PAC09VZI,5,,,PO.2025.01.00148,,,,,,,,,,,,,,
113,PI.2025.01.00190,PT SARANA KENCANA MULYA,31/01/2025,SURABAYA,0125/188,,04002500014893188,,PAC09VZSI,POLYTRON PAC09VZSI,3,,,PO.2025.01.00148,,,,,,,,,,,,,,
114,PI.2025.01.00024,PT DAIKIN AIRCONDITIONING INDONESIA,07/01/2025,SURABAYA,0125/024,,04002500005683864,,STC15NV,DAIKIN STC-15NV,5,,,PO.2025.01.00016,,,,,,,,,,,,,,
115,PI.2025.01.00024,PT DAIKIN AIRCONDITIONING INDONESIA,07/01/2025,SURABAYA,0125/024,,04002500005683864,,STC35NV,DAIKIN STC-35NV,3,,,PO.2025.01.00016,,,,,,,,,,,,,,
116,PI.2025.01.00024,PT DAIKIN AIRCONDITIONING INDONESIA,07/01/2025,SURABAYA,0125/024,,04002500005683864,,STKC35TV,DAIKIN STKC-35TV,1,,,PO.2025.01.00016,,,,,,,,,,,,,,
117,PI.2025.01.00029,CV MULTI GUNA SELARAS,09/01/2025,SURABAYA,0125/029,,04002500008282189,,SRK09CXP,MITSUBISHI HEAVY INDUSTRIES SRK09CXP,6,,,PO.2025.01.00037,,,,,,,,,,,,,,
118,PI.2025.01.00024,PT DAIKIN AIRCONDITIONING INDONESIA,07/01/2025,SURABAYA,0125/024,,04002500005683864,,STV50CXV,DAIKIN STV-50CXV,2,,,PO.2025.01.00016,,,,,,,,,,,,,,
119,PI.2025.01.00081,PT MIDEA PLANET INDONESIA,16/01/2025,BALI,0125/082,,,,MSFC09CRN2X,MIDEA MSFC09CRN2X,20,,,PO.2025.01.00044,,,,,,,,,,,,,,
120,PI.2025.01.00144,CV MIAMI ELECTRONIC,22/01/2025,SURABAYA,0125/145,,04002500010562575,,FM12512K,GREE FM-1.25-12-K,3,,,PO.2025.01.00117,,,,,,,,,,,,,,
121,PI.2025.01.00163,CV BALLY AIRCOND,30/01/2025,BALI,0125/162,,04002500012164717,,,,15,,,PO.2025.01.00135,,,,,,,,,,,,,,
122,PI.2025.01.00213,PT SARANA KENCANA MULYA,31/01/2025,SURABAYA,0125/212,,04002500014892966,,PAC18VH,POLYTRON PAC18VH,50,,,PO.2025.01.00159,,,,,,,,,,,,,,
123,PI.2025.01.00009,PT CATURAGA TIARA PERSADA,06/01/2025,SURABAYA,0125/009,,04002500001601167,,CW0501RA,REIWA CW-0501RA,35,,,PO.2025.01.00009,,,,,,,,,,,,,,
124,PI.2025.01.00028,CV BANDUNG GEMILANG SENTOSA,07/01/2025,SURABAYA,0125/028,,04002500010514969,,GWC12F5S,GREE GWC-12F5S,2,,,PO.2025.01.00029,,,,,,,,,,,,,,
125,PI.2025.01.00028,CV BANDUNG GEMILANG SENTOSA,07/01/2025,SURABAYA,0125/028,,04002500010514969,,GWC12N1A,GREE GWC-12N1A,10,,,PO.2025.01.00029,,,,,,,,,,,,,,
126,PI.2025.01.00028,CV BANDUNG GEMILANG SENTOSA,07/01/2025,SURABAYA,0125/028,,04002500010514969,,GWC18N1A,GREE GWC-18N1A,10,,,PO.2025.01.00029,,,,,,,,,,,,,,
127,PI.2025.01.00028,CV BANDUNG GEMILANG SENTOSA,07/01/2025,SURABAYA,0125/028,,04002500010514969,,GWC09C3ES,GREE GWC-09C3ES,10,,,PO.2025.01.00029,,,,,,,,,,,,,,
128,PI.2025.01.00028,CV BANDUNG GEMILANG SENTOSA,07/01/2025,SURABAYA,0125/028,,04002500010514969,,GWC09F5S,GREE GWC-09F5S,8,,,PO.2025.01.00029,,,,,,,,,,,,,,
129,PI.2025.01.00130,PT SHOPEE INTERNATIONAL INDONESIA,01/01/2025,SURABAYA,0125/129,,040.001-25.08839303,,BPB,BIAYA PEMBAYARAN,1,,,PO.2025.01.00123,,,,,,,,,,,,,,
130,PI.2025.01.00029,CV MULTI GUNA SELARAS,09/01/2025,SURABAYA,0125/029,,04002500008282189,,SRK05CR,MITSUBISHI HEAVY INDUSTRIES SRK05CR,3,,,PO.2025.01.00037,,,,,,,,,,,,,,
131,PI.2025.01.00029,CV MULTI GUNA SELARAS,09/01/2025,SURABAYA,0125/029,,04002500008282189,,SRK09CTR,MITSUBISHI HEAVY INDUSTRIES SRK09CTR,4,,,PO.2025.01.00037,,,,,,,,,,,,,,
132,PI.2025.01.00194,PT DAIKIN AIRCONDITIONING INDONESIA,30/01/2025,BALI,0125/193,,04002500014935246,,STP15AV9,DAIKIN STP-15AV9,12,,,PO.2025.01.00130,,,,,,,,,,,,,,
133,PI.2025.01.00194,PT DAIKIN AIRCONDITIONING INDONESIA,30/01/2025,BALI,0125/193,,04002500014935246,,STP25AV9,DAIKIN STP-25AV9,38,,,PO.2025.01.00130,,,,,,,,,,,,,,
134,PI.2025.01.00184,PT SHARP ELECTRONICS INDONESIA,31/01/2025,BALI,0125/183,,04002500014539573,,AHA9ZCY,SHARP AH-A9ZCY,15,,,PO.2025.01.00157,,,,,,,,,,,,,,
135,PI.2025.01.00183,PT SHARP ELECTRONICS INDONESIA,31/01/2025,BALI,0125/182,,04002500014539560,,AHA9ZCY,SHARP AH-A9ZCY,10,,,PO.2025.01.00157,,,,,,,,,,,,,,
136,PI.2025.01.00195,PT DAIKIN AIRCONDITIONING INDONESIA,30/01/2025,BALI,0125/194,,04002500014935245,,STC15NV,DAIKIN STC-15NV,7,,,PO.2025.01.00131,,,,,,,,,,,,,,
137,PI.2025.01.00139,PT SARANA KENCANA MULYA,23/01/2025,SURABAYA,0125/139,,04002500011153244,,PAC09VZI,POLYTRON PAC09VZI,5,,,PO.2025.01.00126,,,,,,,,,,,,,,
138,PI.2025.01.00139,PT SARANA KENCANA MULYA,23/01/2025,SURABAYA,0125/139,,04002500011153244,,PAC09VH,POLYTRON PAC09VH,20,,,PO.2025.01.00019,,,,,,,,,,,,,,
139,PI.2025.01.00182,PT SARANA KENCANA MULYA,23/01/2025,BALI,0125/181,,04002500011153245,,PAC18VZ,POLYTRON PAC18VZ,5,,,PO.2025.01.00126,,,,,,,,,,,,,,
140,PI.2025.01.00013,PT SARANA KENCANA MULYA,07/01/2025,SURABAYA,0125/013,,04002500005074986,,PAC18VH,POLYTRON PAC18VH,15,,,PO.2025.01.00020,,,,,,,,,,,,,,
141,PI.2025.01.00087,,14/01/2025,SURABAYA,0125/088,,,,S1438,"ZUTTO 1/4""-3/8"" (0,40-0,45)",190,,,PO.2024.12.00038,,,,,,,,,,,,,,
142,PI.2025.01.00151,PT LG ELECTRONICS INDONESIA,25/01/2025,SURABAYA,0125/150,,040.003-25.14051236,,T12EV5,LG T12EV5,7,,,PO.2025.01.00032,,,,,,,,,,,,,,
143,PI.2025.01.00088,SAMI JAYA,24/01/2025,SURABAYA,0125/089,,04002500009536626,,,,30,,,PO.2025.01.00070,,,,,,,,,,,,,,
144,PI.2025.01.00089,CV BANDUNG GEMILANG SENTOSA,15/01/2025,SURABAYA,0125/090,,04002500010514888,,,,1,,,PO.2025.01.00074,,,,,,,,,,,,,,
145,PI.2025.01.00087,,14/01/2025,SURABAYA,0125/088,,,,A1412,"ARA 1/4""-1/2"" (0,60-0,60)",52,,,PO.2024.12.00038,,,,,,,,,,,,,,
146,PI.2025.01.00087,,14/01/2025,SURABAYA,0125/088,,,,H3858,"HONSHU 3/8""-5/8"" (0,61-0,71)",1,,,PO.2024.12.00038,,,,,,,,,,,,,,
147,PI.2025.01.00087,,14/01/2025,SURABAYA,0125/088,,,,H3834,"HONSHU 3/8""-3/4"" (0,65-0,89)",19,,,PO.2024.12.00038,,,,,,,,,,,,,,
148,PI.2025.01.00087,,14/01/2025,SURABAYA,0125/088,,,,S1438,"ZUTTO 1/4""-3/8"" (0,40-0,45)",150,,,PO.2024.12.00038,,,,,,,,,,,,,,
149,PI.2025.01.00094,CV MIAMI ELECTRONIC,16/01/2025,SURABAYA,0125/096,,04002500003209055,,GWC0707CS,GREE GWC0707CS,1,,,PO.2025.01.00089,,,,,,,,,,,,,,
150,PI.2025.01.00091,CV BALLY AIRCOND,17/01/2025,BALI,0125/093,,04002500002972789,,GWC18N1A,GREE GWC-18N1A,15,,,PO.2025.01.00092,,,,,,,,,,,,,,
151,PI.2025.01.00068,PT AKARI INDONESIA,15/01/2025,BALI,0125/073,,04002500009787566,,A09TC88NLW,AKARI A09TC88NLW,10,,,PO.2025.01.00079,,,,,,,,,,,,,,
152,PI.2025.01.00169,PT AKARI INDONESIA,30/01/2025,SURABAYA,0125/168,,04002500014827459,,A09TC88NLW,AKARI A09TC88NLW,5,,,PO.2025.01.00111,,,,,,,,,,,,,,
153,PI.2025.01.00196,PT PANASONIC GOBEL INDONESIA,31/01/2025,SURABAYA,0125/195,,04002500015090267,,CSCUZN5YKP,PANASONIC CS/CU-ZN5YKP,50,,,PO.2025.01.00090,,,,,,,,,,,,,,
154,PI.2025.01.00196,PT PANASONIC GOBEL INDONESIA,31/01/2025,SURABAYA,0125/195,,04002500015090267,,CSCUZN7YKP,PANASONIC CS/CU-ZN7YKP,50,,,PO.2025.01.00090,,,,,,,,,,,,,,
155,PI.2025.01.00196,PT PANASONIC GOBEL INDONESIA,31/01/2025,SURABAYA,0125/195,,04002500015090267,,CSCUZN9YKP,PANASONIC CS/CU-ZN9YKP,150,,,PO.2025.01.00090,,,,,,,,,,,,,,
156,PI.2025.01.00132,PT MEGAH PERTAMA INDAH,23/01/2025,SURABAYA,0125/131,,04002500011500764,,,,1,,,PO.2025.01.00124,,,,,,,,,,,,,,
157,PI.2025.01.00130,PT SHOPEE INTERNATIONAL INDONESIA,01/01/2025,SURABAYA,0125/129,,040.001-25.08839303,,BL,BIAYA LAYANAN,1,,,PO.2025.01.00123,,,,,,,,,,,,,,
158,PI.2025.01.00031,PT DAIKIN AIRCONDITIONING INDONESIA,08/01/2025,BALI,0125/031,,04002500014933427,,STC25NV,DAIKIN STC-25NV,8,,,PO.2025.01.00022,,,,,,,,,,,,,,
159,PI.2025.01.00031,PT DAIKIN AIRCONDITIONING INDONESIA,08/01/2025,BALI,0125/031,,04002500014933427,,STC35NV,DAIKIN STC-35NV,7,,,PO.2025.01.00022,,,,,,,,,,,,,,
160,PI.2025.01.00031,PT DAIKIN AIRCONDITIONING INDONESIA,08/01/2025,BALI,0125/031,,04002500014933427,,STC50XV,DAIKIN STC-50XV,15,,,PO.2025.01.00022,,,,,,,,,,,,,,
161,PI.2025.01.00031,PT DAIKIN AIRCONDITIONING INDONESIA,08/01/2025,BALI,0125/031,,04002500014933427,,STKQ20UV,DAIKIN STKQ-20UV,2,,,PO.2025.01.00022,,,,,,,,,,,,,,
162,PI.2025.01.00031,PT DAIKIN AIRCONDITIONING INDONESIA,08/01/2025,BALI,0125/031,,04002500014933427,,STKQ50UV,DAIKIN STKQ-50UV,2,,,PO.2025.01.00022,,,,,,,,,,,,,,
163,PI.2025.01.00031,PT DAIKIN AIRCONDITIONING INDONESIA,08/01/2025,BALI,0125/031,,04002500014933427,,STV35CXV,DAIKIN STV-35CXV,7,,,PO.2025.01.00022,,,,,,,,,,,,,,
164,PI.2025.01.00070,CV BANDUNG GEMILANG SENTOSA,14/01/2025,SURABAYA,0125/075,,04002500015431114,,GWC0707CS,GREE GWC0707CS,1,,,PO.2025.01.00067,,,,,,,,,,,,,,
165,PI.2025.01.00001,PT DAIKIN AIRCONDITIONING INDONESIA,03/01/2025,SURABAYA,0125/001,,04002500005683850,,SVC100AYL,DAIKIN SVC100AYL,1,,,PO.2025.01.00001,,,,,,,,,,,,,,
166,PI.2025.01.00002,PT DAIKIN AIRCONDITIONING INDONESIA,03/01/2025,SURABAYA,0125/002,,04002500005683904,,STC50XV,DAIKIN STC-50XV,10,,,PO.2025.01.00002,,,,,,,,,,,,,,
167,PI.2025.01.00070,CV BANDUNG GEMILANG SENTOSA,14/01/2025,SURABAYA,0125/075,,04002500015431114,,GWC12F5S,GREE GWC-12F5S,2,,,PO.2025.01.00067,,,,,,,,,,,,,,
168,PI.2025.01.00161,CV BANDUNG GEMILANG SENTOSA,23/01/2025,SURABAYA,0125/159,,04002500010514805,,GU140TAK,GREE GU140T/A-K,1,,,PO.2025.01.00122,,,,,,,,,,,,,,
169,PI.2025.01.00003,PT DAIKIN AIRCONDITIONING INDONESIA,03/01/2025,SURABAYA,0125/003,,04002500005683874,,STC20NV,DAIKIN STC-20NV,5,,,PO.2025.01.00003,,,,,,,,,,,,,,
170,PI.2025.01.00003,PT DAIKIN AIRCONDITIONING INDONESIA,03/01/2025,SURABAYA,0125/003,,04002500005683874,,STKC25TV,DAIKIN STKC-25TV,2,,,PO.2025.01.00003,,,,,,,,,,,,,,
171,PI.2025.01.00003,PT DAIKIN AIRCONDITIONING INDONESIA,03/01/2025,SURABAYA,0125/003,,04002500005683874,,STV50CXV,DAIKIN STV-50CXV,6,,,PO.2025.01.00003,,,,,,,,,,,,,,
172,PI.2025.01.00156,CV JAYA ARTHA SEJAHTERA,28/01/2025,SURABAYA,0125/155,,04002500017598561,,ZUTTO1PK,ZUTTO BRAKET 1 PK,2600,,,PO.2025.01.00076,,,,,,,,,,,,,,
173,PI.2025.01.00159,CV JAYA ARTHA SEJAHTERA,28/01/2025,SURABAYA,0125/157,,04002500017600337,,ZUTTO1PK,ZUTTO BRAKET 1 PK,2440,,,PO.2025.01.00076,,,,,,,,,,,,,,
174,PI.2025.01.00011,PT DAIKIN AIRCONDITIONING INDONESIA,07/01/2025,SURABAYA,0125/011,,04002500005683873,,STV60CXV,DAIKIN STV-60CXV,14,,,PO.2025.01.00008,,,,,,,,,,,,,,
175,PI.2025.01.00031,PT DAIKIN AIRCONDITIONING INDONESIA,08/01/2025,BALI,0125/031,,04002500014933427,,STKC25TV,DAIKIN STKC-25TV,2,,,PO.2025.01.00022,,,,,,,,,,,,,,
176,PI.2025.01.00036,CV MULTI GUNA SELARAS,11/01/2025,SURABAYA,0125/036,,04002500008282163,,FDF125CSV,MITSUBISHI HEAVY INDUSTRIES FDF125CSV,1,,,PO.2025.01.00050,,,,,,,,,,,,,,
177,PI.2025.01.00038,PT SARANA KENCANA MULYA,11/01/2025,SURABAYA,0125/038,,04002500005075040,,PAC05VH,POLYTRON PAC05VH,72,,,PO.2025.01.00019,,,,,,,,,,,,,,
178,PI.2025.01.00034,PT MIDEA PLANET INDONESIA,10/01/2025,SURABAYA,0125/034,,04002500003134865,,MSFC05CRN2X,MIDEA MSFC05CRN2X,20,,,PO.2025.01.00024,,,,,,,,,,,,,,
179,PI.2025.01.00037,PT CHANGHONG MEILING ELECTRIC INDONESIA,11/01/2025,SURABAYA,0125/037,,04002500025760649,,CSC05NVB4,CHANGHONG CSC-05NVB4,50,,,PO.2024.11.00069,,,,,,,,,,,,,,
180,PI.2025.01.00033,CV BANDUNG GEMILANG SENTOSA,09/01/2025,SURABAYA,0125/033,,04002500008659171,,GWC09MOO5S,GREE GWC-09MOO5S,19,,,PO.2025.01.00038,,,,,,,,,,,,,,
181,PI.2025.01.00032,PT PANASONIC GOBEL INDONESIA,10/01/2025,SURABAYA,0125/032,,04002500004352295,,FEU409A2,PANASONIC F-EU409-A2,10,,,PO.2025.01.00039,,,,,,,,,,,,,,
182,PI.2025.01.00197,CV BANDUNG GEMILANG SENTOSA,31/01/2025,SURABAYA,0125/196,,04002500034316759,,FGR20PDDNAX,GREE FGR20PDDNAX,3,,,PO.2025.01.00158,,,,,,,,,,,,,,
183,PI.2025.01.00197,CV BANDUNG GEMILANG SENTOSA,31/01/2025,SURABAYA,0125/196,,04002500034316759,,GU140PHS,GREE GU140PHS,2,,,PO.2025.01.00158,,,,,,,,,,,,,,
184,PI.2025.01.00197,CV BANDUNG GEMILANG SENTOSA,31/01/2025,SURABAYA,0125/196,,04002500034316759,,GU71PHS,GREE GU71PHS,2,,,PO.2025.01.00158,,,,,,,,,,,,,,
185,PI.2025.01.00035,PT MIDEA PLANET INDONESIA,10/01/2025,SURABAYA,0125/035,,04002500003134864,,MSAF05CRN2,MIDEA MSAF05CRN2,100,,,PO.2025.01.00028,,,,,,,,,,,,,,
186,PI.2025.01.00040,PT CATURAGA TIARA PERSADA,13/01/2025,SURABAYA,0125/041,,04002500009937766,,CW0501RA,REIWA CW-0501RA,35,,,PO.2025.01.00009,,,,,,,,,,,,,,
187,PI.2025.01.00024,PT DAIKIN AIRCONDITIONING INDONESIA,07/01/2025,SURABAYA,0125/024,,04002500005683864,,STV15CXV,DAIKIN STV-15CXV,5,,,PO.2025.01.00016,,,,,,,,,,,,,,
188,PI.2025.01.00042,PT ECART WEBPORTAL INDONESIA,01/01/2025,SURABAYA,0125/045,,040.002-25.94034753,,BA,BIAYA ADMINISTRASI,1,,,PO.2025.01.00062,,,,,,,,,,,,,,
189,PI.2025.01.00043,PT TRIMASTER JAYA ABADI,13/01/2025,SURABAYA,0125/042,,04002500009882799,,GEVER1438,"GEVER INVERTER 1/4-3/8""",8,,,PO.2025.01.00058,,,,,,,,,,,,,,
190,PI.2025.01.00041,CV BALLY AIRCOND,11/01/2025,BALI,0125/040,,04002500000947162,,GWC09MOO5S,GREE GWC-09MOO5S,15,,,PO.2025.01.00042,,,,,,,,,,,,,,
191,PI.2025.01.00043,PT TRIMASTER JAYA ABADI,13/01/2025,SURABAYA,0125/042,,04002500009882799,,GEVER1412,"GEVER INVERTER 1/4-1/2""",3,,,PO.2025.01.00058,,,,,,,,,,,,,,
192,PI.2025.01.00041,CV BALLY AIRCOND,11/01/2025,BALI,0125/040,,04002500000947162,,GWC09F5S,GREE GWC-09F5S,5,,,PO.2025.01.00042,,,,,,,,,,,,,,
193,PI.2025.01.00041,CV BALLY AIRCOND,11/01/2025,BALI,0125/040,,04002500000947162,,GWC07MOO5S,GREE GWC-07MOO5S,5,,,PO.2025.01.00042,,,,,,,,,,,,,,
194,PI.2025.01.00214,PT SARANA KENCANA MULYA,31/01/2025,SURABAYA,0125/213,,04002500014892950,,PAC09VZI,POLYTRON PAC09VZI,10,,,PO.2025.01.00148,,,,,,,,,,,,,,
195,PI.2025.01.00215,PT SARANA KENCANA MULYA,31/01/2025,SURABAYA,0125/214,,04002500014892952,,PAC09VH,POLYTRON PAC09VH,5,,,PO.2025.01.00019,,,,,,,,,,,,,,
196,PI.2025.01.00045,CV MIAMI ELECTRONIC,11/01/2025,SURABAYA,0125/044,,04002500001037792,,GWC07C3ES,GREE GWC-07C3ES,3,,,PO.2025.01.00043,,,,,,,,,,,,,,
197,PI.2025.01.00045,CV MIAMI ELECTRONIC,11/01/2025,SURABAYA,0125/044,,04002500001037792,,GWC07MOO5S,GREE GWC-07MOO5S,9,,,PO.2025.01.00043,,,,,,,,,,,,,,
198,PI.2025.01.00216,PT SARANA KENCANA MULYA,31/01/2025,SURABAYA,0125/215,,04002500014892956,,PAC05VH,POLYTRON PAC05VH,5,,,PO.2025.01.00019,,,,,,,,,,,,,,
199,PI.2025.01.00045,CV MIAMI ELECTRONIC,11/01/2025,SURABAYA,0125/044,,04002500001037792,,GWC05C3ES,GREE GWC-05C3ES,8,,,PO.2025.01.00043,,,,,,,,,,,,,,
200,PI.2025.01.00217,PT SARANA KENCANA MULYA,31/01/2025,SURABAYA,0125/216,,04002500014893119,,PAC05VH,POLYTRON PAC05VH,10,,,PO.2025.01.00019,,,,,,,,,,,,,,
201,PI.2025.01.00218,PT SARANA KENCANA MULYA,31/01/2025,SURABAYA,0125/217,,04002500014892942,,PAC05VH,POLYTRON PAC05VH,8,,,PO.2025.01.00019,,,,,,,,,,,,,,
202,PI.2024.12.00257,CV MULTI GUNA SELARAS,01/01/2025,SURABAYA,1224/254,,011.007-24.86640249,,PJA502A800BC,OPSIONAL REMOTE WIRED FDT125CSVS,3,,,PO.2024.07.00106,,,,,,,,,,,,,,
203,PI.2025.01.00031,PT DAIKIN AIRCONDITIONING INDONESIA,08/01/2025,BALI,0125/031,,04002500014933427,,STKQ25UV,DAIKIN STKQ-25UV,2,,,PO.2025.01.00022,,,,,,,,,,,,,,
204,PI.2025.01.00046,PT DAIKIN AIRCONDITIONING INDONESIA,13/01/2025,SURABAYA,0125/046,,04002500006589290,,4010742,EVAPORATOR FCNQ42MV,1,,,PO.2025.01.00011,,,,,,,,,,,,,,
205,PI.2025.01.00046,PT DAIKIN AIRCONDITIONING INDONESIA,13/01/2025,SURABAYA,0125/046,,04002500006589290,,4010814,DRAIN PAN ASSY,1,,,PO.2025.01.00011,,,,,,,,,,,,,,
206,PI.2025.01.00048,PT LG ELECTRONICS INDONESIA,13/01/2025,SURABAYA,0125/048,,04002500006776507,,T12EV5,LG T12EV5,3,,,PO.2025.01.00032,,,,,,,,,,,,,,
207,PI.2025.01.00049,PT PANASONIC GOBEL INDONESIA,14/01/2025,SURABAYA,0125/049,,04002500004352339,,CSCUPU9AKJ,PANASONIC CS/CU-PU9AKJ,3,,,PO.2025.01.00048,,,,,,,,,,,,,,
208,PI.2025.01.00047,PT LG ELECTRONICS INDONESIA,13/01/2025,SURABAYA,0125/047,,04002500006776513,,T09EV5,LG T09EV5,5,,,PO.2025.01.00007,,,,,,,,,,,,,,
209,PI.2025.01.00053,PT SARANA KENCANA MULYA,31/01/2025,SURABAYA,0125/054,,04002500014893121,,PAC09VH,POLYTRON PAC09VH,43,,,PO.2025.01.00019,,,,,,,,,,,,,,
210,PI.2025.01.00052,PT SARANA KENCANA MULYA,13/01/2025,SURABAYA,0125/053,,04002500004429229,,PAC05VH,POLYTRON PAC05VH,35,,,PO.2025.01.00019,,,,,,,,,,,,,,
211,PI.2025.01.00026,PT DAIKIN AIRCONDITIONING INDONESIA,09/01/2025,SURABAYA,0125/026,,04002500006048955,,STKQ15UV,DAIKIN STKQ-15UV,7,,,PO.2025.01.00033,,,,,,,,,,,,,,
212,PI.2025.01.00026,PT DAIKIN AIRCONDITIONING INDONESIA,09/01/2025,SURABAYA,0125/026,,04002500006048955,,STV15CXV,DAIKIN STV-15CXV,2,,,PO.2025.01.00033,,,,,,,,,,,,,,
213,PI.2025.01.00026,PT DAIKIN AIRCONDITIONING INDONESIA,09/01/2025,SURABAYA,0125/026,,04002500006048955,,STV35CXV,DAIKIN STV-35CXV,2,,,PO.2025.01.00033,,,,,,,,,,,,,,
214,PI.2025.01.00030,PT DAIKIN AIRCONDITIONING INDONESIA,10/01/2025,SURABAYA,0125/030,,04002500006048987,,STC15NV,DAIKIN STC-15NV,10,,,PO.2025.01.00036,,,,,,,,,,,,,,
215,PI.2025.01.00030,PT DAIKIN AIRCONDITIONING INDONESIA,10/01/2025,SURABAYA,0125/030,,04002500006048987,,STC20NV,DAIKIN STC-20NV,5,,,PO.2025.01.00036,,,,,,,,,,,,,,
216,PI.2025.01.00030,PT DAIKIN AIRCONDITIONING INDONESIA,10/01/2025,SURABAYA,0125/030,,04002500006048987,,STC25NV,DAIKIN STC-25NV,20,,,PO.2025.01.00036,,,,,,,,,,,,,,
217,PI.2025.01.00054,PT PANASONIC GOBEL INDONESIA,14/01/2025,SURABAYA,0125/055,,04002500004352240,,CSCULN7AKJ,PANASONIC CS/CU-LN7AKJ,5,,,PO.2025.01.00061,,,,,,,,,,,,,,
218,PI.2025.01.00054,PT PANASONIC GOBEL INDONESIA,14/01/2025,SURABAYA,0125/055,,04002500004352240,,CSCUPN9AKJ,PANASONIC CS/CU-PN9AKJ,5,,,PO.2025.01.00061,,,,,,,,,,,,,,
219,PI.2025.01.00054,PT PANASONIC GOBEL INDONESIA,14/01/2025,SURABAYA,0125/055,,04002500004352240,,CSCUPN5AKJ,PANASONIC CS/CU-PN5AKJ,5,,,PO.2025.01.00061,,,,,,,,,,,,,,
220,PI.2025.01.00055,CV BANDUNG GEMILANG SENTOSA,13/01/2025,SURABAYA,0125/056,,04002500010514902,,GVC48STSSECO,GREE GVC-48STS(S)ECO,1,,,PO.2025.01.00059,,,,,,,,,,,,,,
221,PI.2025.01.00055,CV BANDUNG GEMILANG SENTOSA,13/01/2025,SURABAYA,0125/056,,04002500010514902,,GTAACOOL6,GREE GTA-ACOOL6,1,,,PO.2025.01.00059,,,,,,,,,,,,,,
222,PI.2025.01.00056,CV BANDUNG GEMILANG SENTOSA,11/01/2025,BALI,0125/057,,04002500010514923,,GVC24STSS,GREE GVC-24STSS,2,,,PO.2025.01.00045,,,,,,,,,,,,,,
223,PI.2025.01.00030,PT DAIKIN AIRCONDITIONING INDONESIA,10/01/2025,SURABAYA,0125/030,,04002500006048987,,STC35NV,DAIKIN STC-35NV,5,,,PO.2025.01.00036,,,,,,,,,,,,,,
224,PI.2025.01.00030,PT DAIKIN AIRCONDITIONING INDONESIA,10/01/2025,SURABAYA,0125/030,,04002500006048987,,STC50XV,DAIKIN STC-50XV,10,,,PO.2025.01.00036,,,,,,,,,,,,,,
225,PI.2025.01.00030,PT DAIKIN AIRCONDITIONING INDONESIA,10/01/2025,SURABAYA,0125/030,,04002500006048987,,STKC25TV,DAIKIN STKC-25TV,2,,,PO.2025.01.00036,,,,,,,,,,,,,,
226,PI.2025.01.00030,PT DAIKIN AIRCONDITIONING INDONESIA,10/01/2025,SURABAYA,0125/030,,04002500006048987,,STV50CXV,DAIKIN STV-50CXV,5,,,PO.2025.01.00036,,,,,,,,,,,,,,
227,PI.2025.01.00062,PT DAIKIN AIRCONDITIONING INDONESIA,14/01/2025,SURABAYA,0125/067,,04002500006239642,,CTKC25RVM4,DAIKIN CTKC25RVM4,3,,,PO.2025.01.00054,,,,,,,,,,,,,,
228,PI.2025.01.00062,PT DAIKIN AIRCONDITIONING INDONESIA,14/01/2025,SURABAYA,0125/067,,04002500006239642,,CTKC35RVM4,DAIKIN CTKC35RVM4,1,,,PO.2025.01.00054,,,,,,,,,,,,,,
229,PI.2025.01.00063,PT DAIKIN AIRCONDITIONING INDONESIA,14/01/2025,SURABAYA,0125/068,,04002500006239674,,STC15NV,DAIKIN STC-15NV,5,,,PO.2025.01.00052,,,,,,,,,,,,,,
230,PI.2025.01.00063,PT DAIKIN AIRCONDITIONING INDONESIA,14/01/2025,SURABAYA,0125/068,,04002500006239674,,STC25NV,DAIKIN STC-25NV,20,,,PO.2025.01.00052,,,,,,,,,,,,,,
231,PI.2025.01.00063,PT DAIKIN AIRCONDITIONING INDONESIA,14/01/2025,SURABAYA,0125/068,,04002500006239674,,STC35NV,DAIKIN STC-35NV,5,,,PO.2025.01.00052,,,,,,,,,,,,,,
232,PI.2025.01.00063,PT DAIKIN AIRCONDITIONING INDONESIA,14/01/2025,SURABAYA,0125/068,,04002500006239674,,STC50XV,DAIKIN STC-50XV,10,,,PO.2025.01.00052,,,,,,,,,,,,,,
233,PI.2025.01.00057,CV BALLY AIRCOND,14/01/2025,BALI,0125/058,,04002500001609571,,GCAACOOL60,GREE GCA-ACOOL60,4,,,PO.2025.01.00060,,,,,,,,,,,,,,
234,PI.2025.01.00063,PT DAIKIN AIRCONDITIONING INDONESIA,14/01/2025,SURABAYA,0125/068,,04002500006239674,,STV15CXV,DAIKIN STV-15CXV,3,,,PO.2025.01.00052,,,,,,,,,,,,,,
235,PI.2025.01.00063,PT DAIKIN AIRCONDITIONING INDONESIA,14/01/2025,SURABAYA,0125/068,,04002500006239674,,STV35CXV,DAIKIN STV-35CXV,3,,,PO.2025.01.00052,,,,,,,,,,,,,,
236,PI.2025.01.00063,PT DAIKIN AIRCONDITIONING INDONESIA,14/01/2025,SURABAYA,0125/068,,04002500006239674,,STV50CXV,DAIKIN STV-50CXV,5,,,PO.2025.01.00052,,,,,,,,,,,,,,
237,PI.2025.01.00018,CV BALLY AIRCOND,08/01/2025,BALI,0125/018,,04002500000678254,,GWC12N1A,GREE GWC-12N1A,5,,,PO.2025.01.00031,,,,,,,,,,,,,,
238,PI.2025.01.00058,CV BALLY AIRCOND,14/01/2025,BALI,0125/059,,04002500001609570,,GTAACOOL4,GREE GTA-ACOOL4,3,,,PO.2025.01.00068,,,,,,,,,,,,,,
239,PI.2025.01.00078,PT TOKOPEDIA,01/01/2025,SURABAYA,0125/079,,040.002-25.40213060,,BO FEE,BEBAS ONGKIR FEE,1,,,PO.2025.01.00083,,,,,,,,,,,,,,
240,PI.2025.01.00080,PT TOKOPEDIA,01/01/2025,SURABAYA,0125/081,,040.002-25.40197161,,TF,TRANSACTION FEE,1,,,PO.2025.01.00085,,,,,,,,,,,,,,
241,PI.2025.01.00200,PT TOKOPEDIA,31/01/2025,MADIUN,0125/199,,040.002-25.40207077,,BO FEE,BEBAS ONGKIR FEE,1,,,PO.2025.01.00161,,,,,,,,,,,,,,
242,PI.2025.01.00018,CV BALLY AIRCOND,08/01/2025,BALI,0125/018,,04002500000678254,,GWC0507CSS,GREE GWC0507CSS,1,,,PO.2025.01.00031,,,,,,,,,,,,,,
243,PI.2025.01.00199,PT TOKOPEDIA,31/01/2025,MADIUN,0125/198,,040.002-25.40206335,,TF,TRANSACTION FEE,1,,,PO.2025.01.00160,,,,,,,,,,,,,,
244,PI.2025.01.00051,PT SARANA KENCANA MULYA,13/01/2025,SURABAYA,0125/052,,04002500004429245,,PAC05VZI,POLYTRON PAC05VZI,10,,,PO.2025.01.00041,,,,,,,,,,,,,,
245,PI.2025.01.00051,PT SARANA KENCANA MULYA,13/01/2025,SURABAYA,0125/052,,04002500004429245,,PAC09VZI,POLYTRON PAC09VZI,5,,,PO.2025.01.00041,,,,,,,,,,,,,,
246,PI.2025.01.00051,PT SARANA KENCANA MULYA,13/01/2025,SURABAYA,0125/052,,04002500004429245,,PAC05VZSI,POLYTRON PAC05VZSI,10,,,PO.2025.01.00041,,,,,,,,,,,,,,
247,PI.2025.01.00051,PT SARANA KENCANA MULYA,13/01/2025,SURABAYA,0125/052,,04002500004429245,,PAC09VZSI,POLYTRON PAC09VZSI,5,,,PO.2025.01.00041,,,,,,,,,,,,,,
248,PI.2025.01.00083,PT DAIKIN AIRCONDITIONING INDONESIA,15/01/2025,MADIUN,0125/084,,04002500006373042,,STV15CXV,DAIKIN STV-15CXV,10,,,PO.2025.01.00063,,,,,,,,,,,,,,
249,PI.2025.01.00203,PT SARANA KENCANA MULYA,31/01/2025,SURABAYA,0125/202,,04002500014893117,,PAC12VH,POLYTRON PAC12VH,15,,,PO.2025.01.00020,,,,,,,,,,,,,,
250,PI.2025.01.00202,PT SARANA KENCANA MULYA,31/01/2025,SURABAYA,0125/201,,04002500014893123,,PAC05VH,POLYTRON PAC05VH,90,,,PO.2025.01.00019,,,,,,,,,,,,,,
251,PI.2025.01.00039,CV BALLY AIRCOND,11/01/2025,BALI,0125/039,,04002500000947161,,GWC12N1A,GREE GWC-12N1A,15,,,PO.2025.01.00040,,,,,,,,,,,,,,
252,PI.2025.01.00083,PT DAIKIN AIRCONDITIONING INDONESIA,15/01/2025,MADIUN,0125/084,,04002500006373042,,STV35CXV,DAIKIN STV-35CXV,5,,,PO.2025.01.00063,,,,,,,,,,,,,,
253,PI.2025.01.00059,PT PANASONIC GOBEL INDONESIA,14/01/2025,SURABAYA,0125/064,,04002500004352248,,CSCUYN12AKJ,PANASONIC CS/CU-YN12AKJ,50,,,PO.2025.01.00014,,,,,,,,,,,,,,
254,PI.2025.01.00059,PT PANASONIC GOBEL INDONESIA,14/01/2025,SURABAYA,0125/064,,04002500004352248,,CSCUYN18AKJ,PANASONIC CS/CU-YN18AKJ,135,,,PO.2025.01.00014,,,,,,,,,,,,,,
255,PI.2025.01.00092,PT DAIKIN AIRCONDITIONING INDONESIA,17/01/2025,SURABAYA,0125/094,,04002500007138506,,STC25NV,DAIKIN STC-25NV,20,,,PO.2025.01.00095,,,,,,,,,,,,,,
256,PI.2025.01.00092,PT DAIKIN AIRCONDITIONING INDONESIA,17/01/2025,SURABAYA,0125/094,,04002500007138506,,STC50XV,DAIKIN STC-50XV,15,,,PO.2025.01.00095,,,,,,,,,,,,,,
257,PI.2025.01.00092,PT DAIKIN AIRCONDITIONING INDONESIA,17/01/2025,SURABAYA,0125/094,,04002500007138506,,STKQ50UV,DAIKIN STKQ-50UV,2,,,PO.2025.01.00095,,,,,,,,,,,,,,
258,PI.2025.01.00092,PT DAIKIN AIRCONDITIONING INDONESIA,17/01/2025,SURABAYA,0125/094,,04002500007138506,,STKQ60UV,DAIKIN STKQ-60UV,1,,,PO.2025.01.00095,,,,,,,,,,,,,,
259,PI.2025.01.00092,PT DAIKIN AIRCONDITIONING INDONESIA,17/01/2025,SURABAYA,0125/094,,04002500007138506,,STV35CXV,DAIKIN STV-35CXV,6,,,PO.2025.01.00095,,,,,,,,,,,,,,
260,PI.2025.01.00060,PT TRIMASTER JAYA ABADI,14/01/2025,SURABAYA,0125/065,,04002500010532134,,TAC09CSDXS,TCL TAC09CSD/XS,5,,,PO.2025.01.00065,,,,,,,,,,,,,,
261,PI.2025.01.00109,PT DAIKIN AIRCONDITIONING INDONESIA,21/01/2025,SURABAYA,0125/110,,04002500007130813,,STC20NV,DAIKIN STC-20NV,3,,,PO.2025.01.00103,,,,,,,,,,,,,,
262,PI.2025.01.00109,PT DAIKIN AIRCONDITIONING INDONESIA,21/01/2025,SURABAYA,0125/110,,04002500007130813,,STC35NV,DAIKIN STC-35NV,8,,,PO.2025.01.00103,,,,,,,,,,,,,,
263,PI.2025.01.00109,PT DAIKIN AIRCONDITIONING INDONESIA,21/01/2025,SURABAYA,0125/110,,04002500007130813,,STC50XV,DAIKIN STC-50XV,5,,,PO.2025.01.00103,,,,,,,,,,,,,,
264,PI.2025.01.00109,PT DAIKIN AIRCONDITIONING INDONESIA,21/01/2025,SURABAYA,0125/110,,04002500007130813,,STKQ25UV,DAIKIN STKQ-25UV,3,,,PO.2025.01.00103,,,,,,,,,,,,,,
265,PI.2025.01.00109,PT DAIKIN AIRCONDITIONING INDONESIA,21/01/2025,SURABAYA,0125/110,,04002500007130813,,STV50CXV,DAIKIN STV-50CXV,8,,,PO.2025.01.00103,,,,,,,,,,,,,,
266,PI.2025.01.00062,PT DAIKIN AIRCONDITIONING INDONESIA,14/01/2025,SURABAYA,0125/067,,04002500006239642,,MKC70RVM4,DAIKIN MKC70RVM4,2,,,PO.2025.01.00054,,,,,,,,,,,,,,
267,PI.2025.01.00148,PT DAIKIN AIRCONDITIONING INDONESIA,24/01/2025,SURABAYA,0125/142,,04002500012349640,,STV15CXV,DAIKIN STV-15CXV,2,,,PO.2025.01.00118,,,,,,,,,,,,,,
268,PI.2025.01.00148,PT DAIKIN AIRCONDITIONING INDONESIA,24/01/2025,SURABAYA,0125/142,,04002500012349640,,STV35CXV,DAIKIN STV-35CXV,7,,,PO.2025.01.00118,,,,,,,,,,,,,,
269,PI.2025.01.00148,PT DAIKIN AIRCONDITIONING INDONESIA,24/01/2025,SURABAYA,0125/142,,04002500012349640,,STC20NV,DAIKIN STC-20NV,3,,,PO.2025.01.00118,,,,,,,,,,,,,,
270,PI.2025.01.00148,PT DAIKIN AIRCONDITIONING INDONESIA,24/01/2025,SURABAYA,0125/142,,04002500012349640,,STC35NV,DAIKIN STC-35NV,10,,,PO.2025.01.00118,,,,,,,,,,,,,,
271,PI.2025.01.00148,PT DAIKIN AIRCONDITIONING INDONESIA,24/01/2025,SURABAYA,0125/142,,04002500012349640,,STC50XV,DAIKIN STC-50XV,10,,,PO.2025.01.00118,,,,,,,,,,,,,,
272,PI.2025.01.00204,PT SARANA KENCANA MULYA,13/01/2025,MADIUN,0125/078,,04002500004429131,,PAC07VH,POLYTRON PAC07VH,7,,,PO.2025.01.00081,,,,,,,,,,,,,,
273,PI.2025.01.00073,PT SARANA KENCANA MULYA,13/01/2025,MADIUN,0125/203,,04002500004429128,,PAC05VH,POLYTRON PAC05VH,20,,,PO.2025.01.00019,,,,,,,,,,,,,,
274,PI.2025.01.00205,PT SARANA KENCANA MULYA,13/01/2025,MADIUN,0125/204,,04002500004429135,,PAC05VZI,POLYTRON PAC05VZI,3,,,PO.2025.01.00081,,,,,,,,,,,,,,
275,PI.2025.01.00205,PT SARANA KENCANA MULYA,13/01/2025,MADIUN,0125/204,,04002500004429135,,PAC09VH,POLYTRON PAC09VH,40,,,PO.2025.01.00019,,,,,,,,,,,,,,
276,PI.2025.01.00104,CV BANDUNG GEMILANG SENTOSA,14/01/2025,SURABAYA,0125/104,,04002500015431049,,GU140TAK,GREE GU140T/A-K,2,,,PO.2025.01.00071,,,,,,,,,,,,,,
277,PI.2025.01.00101,CV BANDUNG GEMILANG SENTOSA,17/01/2025,SURABAYA,0125/101,,04002500010514863,,GWC09MOO5S,GREE GWC-09MOO5S,29,,,PO.2025.01.00094,,,,,,,,,,,,,,
278,PI.2025.01.00112,PT MIDEA PLANET INDONESIA,21/01/2025,SURABAYA,0125/113,,,,MPHA05CRN7,MIDEA MPHA-05CRN7,10,,,PO.2025.01.00024,,,,,,,,,,,,,,
279,PI.2025.01.00206,PT SHARP ELECTRONICS INDONESIA,31/01/2025,SURABAYA,0125/205,,04002500014448463,,AHA5BEY,SHARP AH-A5BEY,50,,,PO.2025.01.00133,,,,,,,,,,,,,,
280,PI.2025.01.00114,PT TRIMASTER JAYA ABADI,21/01/2025,SURABAYA,0125/114,,04002500016248237,,,,25,,,PO.2025.01.00072,,,,,,,,,,,,,,
281,PI.2025.01.00097,PT JATIM WATKORAYA,17/01/2025,SURABAYA,0125/098,,04002500015433413,,ETERNA3X1.5MM,"ETERNA 3X1,5MM",5,,,PO.2025.01.00091,,,,,,,,,,,,,,
282,PI.2025.01.00107,PT HISENSE INTERNATIONAL INDONESIA,21/01/2025,BALI,0125/108,,04002500030111266,,AN09CDG,HISENSE AN09CDG,20,,,PO.2025.01.00046,,,,,,,,,,,,,,
283,PI.2025.01.00098,PT MIDEA PLANET INDONESIA,17/01/2025,SURABAYA,0125/091,,,,MCD24CRN,MIDEA MCD-24CRN,1,,,PO.2025.01.00035,,,,,,,,,,,,,,
284,PI.2025.01.00076,PT GENERGY GLOBAL INDONESIA,15/01/2025,SURABAYA,0125/062,,04022500003589157,,MCD18CRDN2,MIDEA MCD-18CRDN2,1,,,PO.2025.01.00073,,,,,,,,,,,,,,
285,PI.2025.01.00097,PT JATIM WATKORAYA,17/01/2025,SURABAYA,0125/098,,04002500015433413,,ETERNA3X1.5MM,"ETERNA 3X1,5MM",1,,,PO.2025.01.00091,,,,,,,,,,,,,,
286,PI.2025.01.00110,PT MIDEA PLANET INDONESIA,21/01/2025,SURABAYA,0125/111,,,,MSFC09CRN2X,MIDEA MSFC09CRN2X,30,,,PO.2025.01.00024,,,,,,,,,,,,,,
287,PI.2025.01.00113,PT SARANA KENCANA MULYA,21/01/2025,SURABAYA,0125/106,,04002500011153331,,PAC09VZ,POLYTRON PAC09VZ,2,,,PO.2025.01.00105,,,,,,,,,,,,,,
288,PI.2025.01.00096,PT JATIM WATKORAYA,13/01/2025,SURABAYA,0125/051,,04002500011334996,,ETERNA2X1.5MM,"ETERNA 2X1,5MM",18,,,PO.2025.01.00064,,,,,,,,,,,,,,
289,PI.2025.01.00206,PT SHARP ELECTRONICS INDONESIA,31/01/2025,SURABAYA,0125/205,,04002500014448463,,AHA7BEY,SHARP AH-A7BEY,10,,,PO.2025.01.00133,,,,,,,,,,,,,,
290,PI.2025.01.00206,PT SHARP ELECTRONICS INDONESIA,31/01/2025,SURABAYA,0125/205,,04002500014448463,,AHA9BEY,SHARP AH-A9BEY,15,,,PO.2025.01.00133,,,,,,,,,,,,,,
291,PI.2025.01.00187,CV MULTI GUNA SELARAS,31/01/2025,SURABAYA,0125/186,,04002500014919048,,SRK12CT,MITSUBISHI HEAVY INDUSTRIES SRK12CT,3,,,PO.2025.01.00151,,,,,,,,,,,,,,
292,PI.2025.01.00207,PT SHARP ELECTRONICS INDONESIA,31/01/2025,SURABAYA,0125/206,,04002500014458177,,AHA7BEY,SHARP AH-A7BEY,15,,,PO.2025.01.00133,,,,,,,,,,,,,,
293,PI.2025.01.00172,PT LG ELECTRONICS INDONESIA,31/01/2025,SURABAYA,0125/172,,040.003-25.14055352,,H05TN4SCAX,LG H05TN4.SCAX,30,,,PO.2025.01.00032,,,,,,,,,,,,,,
294,PI.2025.01.00140,PT SAMSUNG ELECTRONICS INDONESIA,23/01/2025,BALI,0125/140,,040.003-25.35255303,,AR12BGHQ,SAMSUNG AR12BGHQ,5,,,PO.2024.11.00196,,,,,,,,,,,,,,
295,PI.2025.01.00141,PT SAMSUNG ELECTRONICS INDONESIA,23/01/2025,BALI,0125/141,,040.003-25.35255302,,AR13BYFAN,SAMSUNG AR13BYFAN,2,,,PO.2024.12.00091,,,,,,,,,,,,,,
296,PI.2025.01.00150,PT SAMSUNG ELECTRONICS INDONESIA,23/01/2025,BALI,0125/149,,040.003-25.35255326,,AR09BGHQ,SAMSUNG AR09BGHQ,5,,,PO.2024.11.00196,,,,,,,,,,,,,,
297,PI.2025.01.00150,PT SAMSUNG ELECTRONICS INDONESIA,23/01/2025,BALI,0125/149,,040.003-25.35255326,,AR05BGHQ,SAMSUNG AR05BGHQ,13,,,PO.2024.11.00196,,,,,,,,,,,,,,
298,PI.2025.01.00077,CV BALLY AIRCOND,23/01/2025,BALI,0125/063,,04002500006445930,,GWC12N1A,GREE GWC-12N1A,15,,,PO.2025.01.00098,,,,,,,,,,,,,,
299,PI.2025.01.00124,PT DAIKIN AIRCONDITIONING INDONESIA,21/01/2025,BALI,0125/124,,04002500010728424,,STKQ25UV,DAIKIN STKQ-25UV,4,,,PO.2025.01.00097,,,,,,,,,,,,,,
300,PI.2025.01.00124,PT DAIKIN AIRCONDITIONING INDONESIA,21/01/2025,BALI,0125/124,,04002500010728424,,STKQ35UV,DAIKIN STKQ-35UV,2,,,PO.2025.01.00097,,,,,,,,,,,,,,
301,PI.2025.01.00116,PT BERKAT ELEKTRIK SEJATI TANGGUH,21/01/2025,BALI,0125/117,,04002500012156127,,,,1,,,PO.2025.01.00106,,,,,,,,,,,,,,
302,PI.2025.01.00119,PT SAMSUNG ELECTRONICS INDONESIA,22/01/2025,SURABAYA,0125/120,,040.003-25.35253354,,AR05BGHQ,SAMSUNG AR05BGHQ,5,,,PO.2024.11.00196,,,,,,,,,,,,,,
303,PI.2025.01.00124,PT DAIKIN AIRCONDITIONING INDONESIA,21/01/2025,BALI,0125/124,,04002500010728424,,STV60CXV,DAIKIN STV-60CXV,5,,,PO.2025.01.00097,,,,,,,,,,,,,,
304,PI.2025.01.00119,PT SAMSUNG ELECTRONICS INDONESIA,22/01/2025,SURABAYA,0125/120,,040.003-25.35253354,,AR09BGHQ,SAMSUNG AR09BGHQ,5,,,PO.2024.11.00196,,,,,,,,,,,,,,
305,PI.2025.01.00117,AINUR ROFIQ,22/01/2025,SURABAYA,0125/118,,,,MATERIAL-AC,MATERIAL AC,1,,,PO.2025.01.00112,,,,,,,,,,,,,,
306,PI.2025.01.00121,PT SAMSUNG ELECTRONICS INDONESIA,22/01/2025,SURABAYA,0125/122,,,,AR10CYFAA,SAMSUNG AR10CYFAA,1,,,PO.2025.01.00115,,,,,,,,,,,,,,
307,PI.2025.01.00121,PT SAMSUNG ELECTRONICS INDONESIA,22/01/2025,SURABAYA,0125/122,,,,,,1,,,PO.2025.01.00115,,,,,,,,,,,,,,
308,PI.2025.01.00130,PT SHOPEE INTERNATIONAL INDONESIA,01/01/2025,SURABAYA,0125/129,,040.001-25.08839303,,BPL,BIAYA PEMELIHARAAN,1,,,PO.2025.01.00123,,,,,,,,,,,,,,
309,PI.2025.01.00122,PT SARANA KENCANA MULYA,22/01/2025,SURABAYA,0125/115,,04002500011153222,,PSF2032,POLYTRON PSF2032,1,,,PO.2025.01.00109,,,,,,,,,,,,,,
310,PI.2024.12.00310,SAMI JAYA,06/01/2025,SURABAYA,1224/309,,04002500002850243,,GWC09MOO5S,GREE GWC-09MOO5S,10,,,PO.2024.12.00184,,,,,,,,,,,,,,
311,PI.2025.01.00062,PT DAIKIN AIRCONDITIONING INDONESIA,14/01/2025,SURABAYA,0125/067,,04002500006239642,,CTKC50RVM4,DAIKIN CTKC50RVM4,2,,,PO.2025.01.00054,,,,,,,,,,,,,,
312,PI.2025.01.00186,PT DAIKIN AIRCONDITIONING INDONESIA,31/01/2025,SURABAYA,0125/185,,04002500013944492,,SVC85AYL,DAIKIN SVC85AYL,1,,,PO.2025.01.00138,,,,,,,,,,,,,,
313,PI.2025.01.00189,PT DAIKIN AIRCONDITIONING INDONESIA,31/01/2025,SURABAYA,0125/189,,04002500013944532,,STC20NV,DAIKIN STC-20NV,5,,,PO.2025.01.00142,,,,,,,,,,,,,,
314,PI.2025.01.00189,PT DAIKIN AIRCONDITIONING INDONESIA,31/01/2025,SURABAYA,0125/189,,04002500013944532,,STC35NV,DAIKIN STC-35NV,5,,,PO.2025.01.00142,,,,,,,,,,,,,,
315,PI.2025.01.00189,PT DAIKIN AIRCONDITIONING INDONESIA,31/01/2025,SURABAYA,0125/189,,04002500013944532,,STC50XV,DAIKIN STC-50XV,7,,,PO.2025.01.00142,,,,,,,,,,,,,,
316,PI.2025.01.00189,PT DAIKIN AIRCONDITIONING INDONESIA,31/01/2025,SURABAYA,0125/189,,04002500013944532,,STKQ15UV,DAIKIN STKQ-15UV,3,,,PO.2025.01.00142,,,,,,,,,,,,,,
317,PI.2025.01.00189,PT DAIKIN AIRCONDITIONING INDONESIA,31/01/2025,SURABAYA,0125/189,,04002500013944532,,STKQ20UV,DAIKIN STKQ-20UV,2,,,PO.2025.01.00142,,,,,,,,,,,,,,
318,PI.2025.01.00189,PT DAIKIN AIRCONDITIONING INDONESIA,31/01/2025,SURABAYA,0125/189,,04002500013944532,,STKQ25UV,DAIKIN STKQ-25UV,3,,,PO.2025.01.00142,,,,,,,,,,,,,,
319,PI.2025.01.00189,PT DAIKIN AIRCONDITIONING INDONESIA,31/01/2025,SURABAYA,0125/189,,04002500013944532,,STV35CXV,DAIKIN STV-35CXV,2,,,PO.2025.01.00142,,,,,,,,,,,,,,
320,PI.2025.01.00086,PT SARANA KENCANA MULYA,16/01/2025,SURABAYA,0125/092,,04002500004429280,,PAC09VH,POLYTRON PAC09VH,12,,,PO.2025.01.00019,,,,,,,,,,,,,,
321,PI.2025.01.00087,,14/01/2025,SURABAYA,0125/088,,,,A1438,"ARA 1/4""-3/8"" (0,60-0,60)",44,,,PO.2024.12.00038,,,,,,,,,,,,,,
322,PI.2025.01.00087,,14/01/2025,SURABAYA,0125/088,,,,P1438,"ZUTTO 1/4""-3/8"" (0,61-0,61)",51,,,PO.2024.12.00038,,,,,,,,,,,,,,
323,PI.2025.01.00087,,14/01/2025,SURABAYA,0125/088,,,,H1438,"HONSHU 1/4""-3/8"" (0,61-0,61)",36,,,PO.2024.12.00038,,,,,,,,,,,,,,
324,PI.2025.01.00087,,14/01/2025,SURABAYA,0125/088,,,,S1412,"ZUTTO 1/4""-1/2"" (0,40-0,51)",48,,,PO.2024.12.00038,,,,,,,,,,,,,,
325,PI.2025.01.00087,,14/01/2025,SURABAYA,0125/088,,,,P1412,"ZUTTO 1/4""-1/2"" (0,61-0,65)",50,,,PO.2024.12.00038,,,,,,,,,,,,,,
326,PI.2025.01.00087,,14/01/2025,SURABAYA,0125/088,,,,H1412,"HONSHU 1/4""-1/2"" (0,61-0,65)",42,,,PO.2024.12.00038,,,,,,,,,,,,,,
327,PI.2025.01.00087,,14/01/2025,SURABAYA,0125/088,,,,H1458,"HONSHU 1/4""-5/8"" (0,61-0,71)",31,,,PO.2024.12.00038,,,,,,,,,,,,,,
328,PI.2025.01.00087,,14/01/2025,SURABAYA,0125/088,,,,H1234,"HONSHU 1/2""-3/4"" (0,65-0,89)",23,,,PO.2024.12.00038,,,,,,,,,,,,,,
329,PI.2025.01.00087,,14/01/2025,SURABAYA,0125/088,,,,P1438,"ZUTTO 1/4""-3/8"" (0,61-0,61)",98,,,PO.2024.12.00038,,,,,,,,,,,,,,
330,PI.2025.01.00087,,14/01/2025,SURABAYA,0125/088,,,,P1438,"ZUTTO 1/4""-3/8"" (0,61-0,61)",132,,,PO.2024.12.00038,,,,,,,,,,,,,,
331,PI.2025.01.00087,,14/01/2025,SURABAYA,0125/088,,,,P1412,"ZUTTO 1/4""-1/2"" (0,61-0,65)",50,,,PO.2024.12.00038,,,,,,,,,,,,,,
332,PI.2025.01.00090,PT SARANA KENCANA MULYA,16/01/2025,SURABAYA,0125/087,,04002500004429287,,PAC09VH,POLYTRON PAC09VH,83,,,PO.2025.01.00019,,,,,,,,,,,,,,
333,PI.2025.01.00058,CV BALLY AIRCOND,14/01/2025,BALI,0125/059,,04002500001609570,,GWC18F5S,GREE GWC-18F5S,2,,,PO.2025.01.00068,,,,,,,,,,,,,,
334,PI.2025.01.00102,PT PANASONIC GOBEL INDONESIA,18/01/2025,SURABAYA,0125/102,,04002500007131595,,CSCULN5AKJ,PANASONIC CS/CU-LN5AKJ,10,,,PO.2025.01.00075,,,,,,,,,,,,,,
335,PI.2025.01.00010,PT SUMBER MANDIRI SURABAYA,06/01/2025,SURABAYA,0125/010,,04002500001967294,,HDSPIRALDRAIN,HD SPIRAL DRAIN,5,,,PO.2025.01.00015,,,,,,,,,,,,,,
336,PI.2025.01.00005,SAMI JAYA,06/01/2025,SURABAYA,0125/005,,04002500002248911,,GWC05MOO5S,GREE GWC-05MOO5S,30,,,PO.2025.01.00005,,,,,,,,,,,,,,
337,PI.2025.01.00100,PT SARANA KENCANA MULYA,17/01/2025,SURABAYA,0125/100,,04002500005075107,,PAC09VH,POLYTRON PAC09VH,7,,,PO.2025.01.00019,,,,,,,,,,,,,,
338,PI.2025.01.00099,PT SARANA KENCANA MULYA,17/01/2025,SURABAYA,0125/099,,04002500004429230,,PAC09VH,POLYTRON PAC09VH,88,,,PO.2025.01.00019,,,,,,,,,,,,,,
339,PI.2025.01.00095,PT DAIKIN AIRCONDITIONING INDONESIA,17/01/2025,SURABAYA,0125/097,,04002500012016348,,,,4,,,PO.2025.01.00096,,,,,,,,,,,,,,
340,PI.2025.01.00044,PT FLIFE TECHNOLOGIES INDONESIA,13/01/2025,SURABAYA,0125/043,,04002500021567227,,FAC05FC00,FLIFE FAC-05FC00,3,,,PO.2025.01.00049,,,,,,,,,,,,,,
341,PI.2025.01.00044,PT FLIFE TECHNOLOGIES INDONESIA,13/01/2025,SURABAYA,0125/043,,04002500021567227,,FAC09FC00,FLIFE FAC-09FC00,1,,,PO.2025.01.00049,,,,,,,,,,,,,,
342,PI.2025.01.00152,PT TRIMASTER JAYA ABADI,25/01/2025,SURABAYA,0125/151,,04002500017889610,,GWC12F5S,GREE GWC-12F5S,1,,,PO.2025.01.00129,,,,,,,,,,,,,,
343,PI.2025.01.00152,PT TRIMASTER JAYA ABADI,25/01/2025,SURABAYA,0125/151,,04002500017889610,,GWC18F5S,GREE GWC-18F5S,1,,,PO.2025.01.00129,,,,,,,,,,,,,,
344,PI.2025.01.00096,PT JATIM WATKORAYA,13/01/2025,SURABAYA,0125/051,,04002500011334996,,ETERNA3X2.5MM,"ETERNA 3X2,5MM",15,,,PO.2025.01.00064,,,,,,,,,,,,,,
345,PI.2025.01.00096,PT JATIM WATKORAYA,13/01/2025,SURABAYA,0125/051,,04002500011334996,,STEKER,MASKO STEKER,240,,,PO.2025.01.00064,,,,,,,,,,,,,,
346,PI.2025.01.00147,PT PANASONIC GOBEL INDONESIA,28/01/2025,SURABAYA,0125/148,,04002500013711823,,CSCUYN5AKJ,PANASONIC CS/CU-YN5AKJ,90,,,PO.2025.01.00047,,,,,,,,,,,,,,
347,PI.2025.01.00147,PT PANASONIC GOBEL INDONESIA,28/01/2025,SURABAYA,0125/148,,04002500013711823,,CSCUYN7AKJ,PANASONIC CS/CU-YN7AKJ,30,,,PO.2025.01.00047,,,,,,,,,,,,,,
348,PI.2025.01.00142,PT SHARP ELECTRONICS INDONESIA,24/01/2025,BALI,0125/143,,04002500012410944,,AHA18ZCY,SHARP AH-A18ZCY,5,,,PO.2025.01.00082,,,,,,,,,,,,,,
349,PI.2025.01.00050,PT SUMBER MANDIRI SURABAYA,13/01/2025,SURABAYA,0125/050,,04002500004501282,,HDSPIRALDRAIN,HD SPIRAL DRAIN,15,,,PO.2025.01.00057,,,,,,,,,,,,,,
350,PI.2025.01.00201,PT TOKOPEDIA,31/01/2025,MADIUN,0125/200,,040.002-25.40190159,,SF,SERVICE FEE,1,,,PO.2025.01.00162,,,,,,,,,,,,,,
351,PI.2025.01.00195,PT DAIKIN AIRCONDITIONING INDONESIA,30/01/2025,BALI,0125/194,,04002500014935245,,STC20NV,DAIKIN STC-20NV,5,,,PO.2025.01.00131,,,,,,,,,,,,,,
352,PI.2025.01.00195,PT DAIKIN AIRCONDITIONING INDONESIA,30/01/2025,BALI,0125/194,,04002500014935245,,STC35NV,DAIKIN STC-35NV,5,,,PO.2025.01.00131,,,,,,,,,,,,,,
353,PI.2025.01.00195,PT DAIKIN AIRCONDITIONING INDONESIA,30/01/2025,BALI,0125/194,,04002500014935245,,STC50XV,DAIKIN STC-50XV,15,,,PO.2025.01.00131,,,,,,,,,,,,,,
354,PI.2025.01.00195,PT DAIKIN AIRCONDITIONING INDONESIA,30/01/2025,BALI,0125/194,,04002500014935245,,STV35CXV,DAIKIN STV-35CXV,3,,,PO.2025.01.00131,,,,,,,,,,,,,,
355,PI.2025.01.00160,PT SHARP ELECTRONICS INDONESIA,28/01/2025,SURABAYA,0125/158,,04002500012852530,,AHAP7BMY,SHARP AH-AP7BMY,5,,,PO.2025.01.00133,,,,,,,,,,,,,,
356,PI.2025.01.00160,PT SHARP ELECTRONICS INDONESIA,28/01/2025,SURABAYA,0125/158,,04002500012852530,,AHX18ZY,SHARP AH-X18ZY,8,,,PO.2025.01.00133,,,,,,,,,,,,,,
357,PI.2025.01.00160,PT SHARP ELECTRONICS INDONESIA,28/01/2025,SURABAYA,0125/158,,04002500012852530,,AHAP9BMY,SHARP AH-AP9BMY,5,,,PO.2025.01.00133,,,,,,,,,,,,,,
358,PI.2025.01.00219,PT. GLOBAL DIGITAL NIAGA TBK.,31/01/2025,SURABAYA,0125/218,,04002500020811794,,JASAMANAGEMENT,JASA MANAGEMENT,1,,,PO.2025.01.00164,,,,,,,,,,,,,,
359,PI.2025.01.00208,PT SARANA KENCANA MULYA,31/01/2025,SURABAYA,0125/207,,04002500014893118,,PAC05VZSI,POLYTRON PAC05VZSI,1,,,PO.2025.01.00148,,,,,,,,,,,,,,
360,PI.2025.01.00208,PT SARANA KENCANA MULYA,31/01/2025,SURABAYA,0125/207,,04002500014893118,,PAC09VZI,POLYTRON PAC09VZI,3,,,PO.2025.01.00148,,,,,,,,,,,,,,
361,PI.2025.01.00203,PT SARANA KENCANA MULYA,31/01/2025,SURABAYA,0125/202,,04002500014893117,,PAC18VH,POLYTRON PAC18VH,20,,,PO.2025.01.00020,,,,,,,,,,,,,,
362,PI.2025.01.00209,PT SARANA KENCANA MULYA,31/01/2025,SURABAYA,0125/208,,04002500014893120,,PAC05VZSI,POLYTRON PAC05VZSI,4,,,PO.2025.01.00149,,,,,,,,,,,,,,
363,PI.2025.01.00209,PT SARANA KENCANA MULYA,31/01/2025,SURABAYA,0125/208,,04002500014893120,,PAC09VZI,POLYTRON PAC09VZI,2,,,PO.2025.01.00149,,,,,,,,,,,,,,
364,PI.2025.01.00208,PT SARANA KENCANA MULYA,31/01/2025,SURABAYA,0125/207,,04002500014893118,,PAC09VZSI,POLYTRON PAC09VZSI,5,,,PO.2025.01.00148,,,,,,,,,,,,,,
365,PI.2025.01.00131,PT CHANGHONG MEILING ELECTRIC INDONESIA,25/01/2025,SURABAYA,0125/130,,04002500025759716,,CSC05RDX4,CHANGHONG CSC-05RDX4,6,,,PO.2025.01.00120,,,,,,,,,,,,,,
366,PI.2025.01.00185,PT CHANGHONG MEILING ELECTRIC INDONESIA,31/01/2025,SURABAYA,0125/184,,04002500025764916,,CSC18NVB3,CHANGHONG CSC-18NVB3,5,,,PO.2025.01.00006,,,,,,,,,,,,,,
367,PI.2025.01.00084,PT TOKOPEDIA,01/01/2025,BALI,0125/085,,040.002-25.40193785,,SF,SERVICE FEE,1,,,PO.2025.01.00086,,,,,,,,,,,,,,
368,PI.2025.01.00108,PT PANASONIC GOBEL INDONESIA,21/01/2025,SURABAYA,0125/109,,04002500010646660,,CSCUPN18AKJ,PANASONIC CS/CU-PN18AKJ,10,,,PO.2025.01.00100,,,,,,,,,,,,,,
369,PI.2025.01.00103,CV JAYA ARTHA SEJAHTERA,20/01/2025,SURABAYA,0125/103,,04002500016820586,,ZUTTO1PK,ZUTTO BRAKET 1 PK,2500,,,PO.2024.10.00035,,,,,,,,,,,,,,
370,PI.2025.01.00111,PT MIDEA PLANET INDONESIA,21/01/2025,SURABAYA,0125/112,,,,MSIAF05CRDN2X,MIDEA MSIAF05CRDN2X,4,,,PO.2025.01.00024,,,,,,,,,,,,,,
371,PI.2025.01.00105,CV JAYA ARTHA SEJAHTERA,20/01/2025,SURABAYA,0125/105,,04002500016820581,,ZUTTO1PK,ZUTTO BRAKET 1 PK,560,,,PO.2024.10.00035,,,,,,,,,,,,,,
372,PI.2025.01.00085,PT TOKOPEDIA,01/01/2025,BALI,0125/086,,040.002-25.40201669,,TF,TRANSACTION FEE,1,,,PO.2025.01.00087,,,,,,,,,,,,,,
373,PI.2025.01.00115,PT PUCANGADI JAYA,22/01/2025,BALI,0125/116,,04002500008187813,,GWC07MOO5S,GREE GWC-07MOO5S,8,,,PO.2025.01.00104,,,,,,,,,,,,,,
374,PI.2025.01.00069,PT CHANGHONG MEILING ELECTRIC INDONESIA,15/01/2025,SURABAYA,0125/074,,04002500025762984,,CSC18NVB3,CHANGHONG CSC-18NVB3,10,,,PO.2025.01.00006,,,,,,,,,,,,,,
375,PI.2025.01.00069,PT CHANGHONG MEILING ELECTRIC INDONESIA,15/01/2025,SURABAYA,0125/074,,04002500025762984,,CSC12NVB4,CHANGHONG CSC-12NVB4,3,,,PO.2025.01.00006,,,,,,,,,,,,,,
376,PI.2025.01.00007,PT CHANGHONG MEILING ELECTRIC INDONESIA,04/01/2025,SURABAYA,0125/007,,04002500025760671,,CSC12NVB4,CHANGHONG CSC-12NVB4,5,,,PO.2025.01.00006,,,,,,,,,,,,,,
377,PI.2025.01.00007,PT CHANGHONG MEILING ELECTRIC INDONESIA,04/01/2025,SURABAYA,0125/007,,04002500025760671,,CSC09RDX4,CHANGHONG CSC-09RDX4,7,,,PO.2025.01.00006,,,,,,,,,,,,,,
378,PI.2025.01.00027,PT CHANGHONG MEILING ELECTRIC INDONESIA,10/01/2025,BALI,0125/027,,04002500025760664,,CSC05NVB4,CHANGHONG CSC-05NVB4,25,,,PO.2024.11.00069,,,,,,,,,,,,,,
379,PI.2025.01.00023,PT CHANGHONG MEILING ELECTRIC INDONESIA,08/01/2025,SURABAYA,0125/023,,04002500025760661,,CSC18NVB3,CHANGHONG CSC-18NVB3,5,,,PO.2025.01.00006,,,,,,,,,,,,,,
380,PI.2025.01.00118,CV JAYA ARTHA SEJAHTERA,22/01/2025,SURABAYA,0125/119,,04002500017007059,,ZUTTO2.5PK,"ZUTTO BRAKET 2,5 PK",1760,,,PO.2025.01.00076,,,,,,,,,,,,,,
381,PI.2025.01.00208,PT SARANA KENCANA MULYA,31/01/2025,SURABAYA,0125/207,,04002500014893118,,PAC05VZI,POLYTRON PAC05VZI,4,,,PO.2025.01.00148,,,,,,,,,,,,,,
382,PI.2025.01.00209,PT SARANA KENCANA MULYA,31/01/2025,SURABAYA,0125/208,,04002500014893120,,PAC05VZI,POLYTRON PAC05VZI,1,,,PO.2025.01.00149,,,,,,,,,,,,,,
383,PI.2025.01.00061,PT TRIWIRA TEKNO MANDIRI,14/01/2025,SURABAYA,0125/066,,04002500002987530,,CSC09NVB4,CHANGHONG CSC-09NVB4,10,,,PO.2025.01.00051,,,,,,,,,,,,,,
384,PI.2025.01.00061,PT TRIWIRA TEKNO MANDIRI,14/01/2025,SURABAYA,0125/066,,04002500002987530,,CSC09NVC4,CHANGHONG CSC-09NVC4,10,,,PO.2025.01.00051,,,,,,,,,,,,,,
385,PI.2025.01.00123,PT TRIMASTER JAYA ABADI,22/01/2025,SURABAYA,0125/123,,04002500017869662,,GEVER1438,"GEVER INVERTER 1/4-3/8""",10,,,PO.2025.01.00114,,,,,,,,,,,,,,
386,PI.2025.01.00120,PT SAMSUNG ELECTRONICS INDONESIA,22/01/2025,SURABAYA,0125/121,,040.003-25.35253353,,AR13BYFAN,SAMSUNG AR13BYFAN,2,,,PO.2024.12.00091,,,,,,,,,,,,,,
387,PI.2025.01.00128,CV MIAMI ELECTRONIC,22/01/2025,SURABAYA,0125/127,,04002500010562577,,GWC12N1A,GREE GWC-12N1A,10,,,PO.2025.01.00113,,,,,,,,,,,,,,
388,PI.2025.01.00128,CV MIAMI ELECTRONIC,22/01/2025,SURABAYA,0125/127,,04002500010562577,,GWC18N1A,GREE GWC-18N1A,15,,,PO.2025.01.00113,,,,,,,,,,,,,,
389,PI.2025.01.00125,CV BANDUNG GEMILANG SENTOSA,20/01/2025,MADIUN,0125/125,,04002500010514835,,GVC48STSSECO,GREE GVC-48STS(S)ECO,3,,,PO.2025.01.00102,,,,,,,,,,,,,,
390,PI.2025.01.00126,CV JAYA ARTHA SEJAHTERA,23/01/2025,SURABAYA,0125/125,,04002500017571515,,ZUTTO2.5PK,"ZUTTO BRAKET 2,5 PK",300,,,PO.2025.01.00076,,,,,,,,,,,,,,
391,PI.2025.01.00210,CV ALLEND,24/01/2025,BALI,0125/209,,04012500010902855,,,,1,,,PO.2025.02.00092,,,,,,,,,,,,,,
392,PI.2025.01.00210,CV ALLEND,24/01/2025,BALI,0125/209,,04012500010902855,,JASAPEMASANGAN,JASA PEMASANGAN,1,,,PO.2025.02.00092,,,,,,,,,,,,,,
393,PI.2025.01.00129,PT AKARI INDONESIA,23/01/2025,SURABAYA,0125/128,,04002500010788963,,A05TC88NLW,AKARI A05TC88NLW,15,,,PO.2025.01.00111,,,,,,,,,,,,,,
394,PI.2025.01.00131,PT CHANGHONG MEILING ELECTRIC INDONESIA,25/01/2025,SURABAYA,0125/130,,04002500025759716,,CSC05RDX4,CHANGHONG CSC-05RDX4,10,,,PO.2025.01.00120,,,,,,,,,,,,,,
