,Instructions,Supplier,Supplier Delivery Note,Date,Posting Time,Branch,Currency,Exchange Rate,Item Code (Items),Item Name (Items),Rate (Company Currency) (Items),Received Quantity (Items),Accepted Quantity (Items),UOM (Items),Accepted Warehouse (Items),Purchase Order (Items),Purchase Order Item (Items),Purchase Invoice (Items),Purchase Invoice Item (Items
0,,PT DAIKIN AIRCONDITIONING INDONESIA,RI.2025.01.00001,03/01/2025,,SURABAYA,,,SVC100AYL,DAIKIN SVC100AYL,,1,1,SET,GD. UTAMA (SBY) - CBP,PO.2025.01.00001,,,
1,,PT DAIKIN AIRCONDITIONING INDONESIA,RI.2025.01.00002,03/01/2025,,SURABAYA,,,STC15NV,DAIKIN STC-15NV,,10,10,SET,GD. UTAMA (SBY) - CBP,PO.2025.01.00002,,,
2,,PT DAIKIN AIRCONDITIONING INDONESIA,RI.2025.01.00002,03/01/2025,,SURABAYA,,,STC50XV,DAIKIN STC-50XV,,10,10,SET,GD. UTAMA (SBY) - CBP,PO.2025.01.00002,,,
3,,PT DAIKIN AIRCONDITIONING INDONESIA,RI.2025.01.00003,03/01/2025,,SURABAYA,,,STV50CXV,DAIKIN STV-50CXV,,6,6,SET,GD. UTAMA (SBY) - CBP,PO.2025.01.00003,,,
4,,PT DAIKIN AIRCONDITIONING INDONESIA,RI.2025.01.00003,03/01/2025,,SURABAYA,,,STC20NV,DAIKIN STC-20NV,,5,5,SET,GD. UTAMA (SBY) - CBP,PO.2025.01.00003,,,
5,,PT DAIKIN AIRCONDITIONING INDONESIA,RI.2025.01.00003,03/01/2025,,SURABAYA,,,STKC25TV,DAIKIN STKC-25TV,,2,2,SET,GD. UTAMA (SBY) - CBP,PO.2025.01.00003,,,
6,,PT DAIKIN AIRCONDITIONING INDONESIA,RI.2025.01.00004,03/01/2025,,SURABAYA,,,2MKC20RVM1515,DAIKIN 2MKC20RVM (15+15),,1,1,SET,GD. UTAMA (SBY) - CBP,PO.2025.01.00004,,,
7,,SAMI JAYA,RI.2025.01.00005,03/01/2025,,SURABAYA,,,GWC05MOO5S,GREE GWC-05MOO5S,,30,30,SET,GD. UTAMA (SBY) - CBP,PO.2025.01.00005,,,
8,,PT LG ELECTRONICS INDONESIA,RI.2025.01.00006,04/01/2025,,SURABAYA,,,T09EV5,LG T09EV5,,5,5,SET,GD. UTAMA (SBY) - CBP,PO.2025.01.00007,,,
9,,PT AKARI INDONESIA,RI.2025.01.00008,04/01/2025,,SURABAYA,,,A05TC88NLW,AKARI A05TC88NLW,,15,15,SET,GD. UTAMA (SBY) - CBP,PO.2025.01.00010,,,
10,,PT CHANGHONG MEILING ELECTRIC INDONESIA,RI.2025.01.00007,04/01/2025,,SURABAYA,,,CSC12NVB4,CHANGHONG CSC-12NVB4,,5,5,SET,GD. UTAMA (SBY) - CBP,PO.2025.01.00006,,,
11,,PT CHANGHONG MEILING ELECTRIC INDONESIA,RI.2025.01.00007,04/01/2025,,SURABAYA,,,CSC09RDX4,CHANGHONG CSC-09RDX4,,7,7,SET,GD. UTAMA (SBY) - CBP,PO.2025.01.00006,,,
12,,PT SARANA KENCANA MULYA,RI.2025.01.00009,04/01/2025,,SURABAYA,,,PAC05VH,POLYTRON PAC05VH,,40,40,SET,GD. UTAMA (SBY) - CBP,PO.2024.12.00101,,,
13,,PT SARANA KENCANA MULYA,RI.2025.01.00010,04/01/2025,,SURABAYA,,,PAC09VH,POLYTRON PAC09VH,,10,10,SET,GD. UTAMA (SBY) - CBP,PO.2024.12.00101,,,
14,,PT SHARP ELECTRONICS INDONESIA,RI.2025.01.00011,06/01/2025,,SURABAYA,,,AHX6BEY,SHARP AH-X6BEY,,15,15,SET,GD. UTAMA (SBY) - CBP,PO.2024.12.00196,,,
15,,PT SHARP ELECTRONICS INDONESIA,RI.2025.01.00011,06/01/2025,,SURABAYA,,,AHX10BEY,SHARP AH-X10BEY,,15,15,SET,GD. UTAMA (SBY) - CBP,PO.2024.12.00196,,,
16,,PT SHARP ELECTRONICS INDONESIA,RI.2025.01.00011,06/01/2025,,SURABAYA,,,PB40509,"SHARP 1/4""-3/8"" (0,50-0,60)",,3,3,ROL20,GD. UTAMA (SBY) - CBP,PO.2024.12.00196,,,
17,,PT CATURAGA TIARA PERSADA,RI.2025.01.00012,06/01/2025,,SURABAYA,,,CW0501RA,REIWA CW-0501RA,,35,35,UNIT,GD. UTAMA (SBY) - CBP,PO.2025.01.00009,,,
18,,PT SUMBER MANDIRI SURABAYA,RI.2025.01.00013,06/01/2025,,SURABAYA,,,HDSPIRALDRAIN,HD SPIRAL DRAIN,,5,5,ROL50,GD. UTAMA (SBY) - CBP,PO.2025.01.00015,,,
19,,PT DAIKIN AIRCONDITIONING INDONESIA,RI.2025.01.00014,07/01/2025,,SURABAYA,,,STV60CXV,DAIKIN STV-60CXV,,14,14,SET,GD. UTAMA (SBY) - CBP,PO.2025.01.00008,,,
20,,PT DAIKIN AIRCONDITIONING INDONESIA,RI.2025.01.00014,07/01/2025,,SURABAYA,,,STC50XV,DAIKIN STC-50XV,,45,45,SET,GD. UTAMA (SBY) - CBP,PO.2025.01.00008,,,
21,,PT DAIKIN AIRCONDITIONING INDONESIA,RI.2025.01.00014,07/01/2025,,SURABAYA,,,STC25NV,DAIKIN STC-25NV,,10,10,SET,GD. UTAMA (SBY) - CBP,PO.2025.01.00008,,,
22,,PT TRIMASTER JAYA ABADI,RI.2025.01.00015,07/01/2025,,SURABAYA,,,GEVER1438,"GEVER INVERTER 1/4-3/8""",,8,8,ROL30,GD. UTAMA (SBY) - CBP,PO.2025.01.00027,,,
23,,PT SARANA KENCANA MULYA,RI.2025.01.00016,07/01/2025,,SURABAYA,,,PAC05VH,POLYTRON PAC05VH,,10,10,SET,GD. UTAMA (SBY) - CBP,PO.2024.12.00101,,,
24,,PT SARANA KENCANA MULYA,RI.2025.01.00017,07/01/2025,,SURABAYA,,,PAC09VH,POLYTRON PAC09VH,,40,40,SET,GD. UTAMA (SBY) - CBP,PO.2024.12.00101,,,
25,,PT SARANA KENCANA MULYA,RI.2025.01.00018,07/01/2025,,SURABAYA,,,PAC18VH,POLYTRON PAC18VH,,15,15,SET,GD. UTAMA (SBY) - CBP,PO.2025.01.00020,,,
26,,PT MEGAH PERTAMA INDAH,RI.2025.01.00021,07/01/2025,,SURABAYA,,,PWC776,POLYTRON PWC-776,,1,1,UNIT,GD. UTAMA (SBY) - CBP,PO.2025.01.00018,,,
27,,PT SARANA KENCANA MULYA,RI.2025.01.00019,07/01/2025,,SURABAYA,,,PAC05VZI,POLYTRON PAC05VZI,,5,5,SET,GD. UTAMA (SBY) - CBP,PO.2025.01.00023,,,
28,,PT SARANA KENCANA MULYA,RI.2025.01.00019,07/01/2025,,SURABAYA,,,PAC09VZI,POLYTRON PAC09VZI,,5,5,SET,GD. UTAMA (SBY) - CBP,PO.2025.01.00023,,,
29,,PT MEGAH PERTAMA INDAH,RI.2025.01.00020,07/01/2025,,SURABAYA,,,L43H7,CHANGHONG L43H7,,7,7,BH,GD. UTAMA (SBY) - CBP,PO.2025.01.00013,,,
30,,PT MEGAH PERTAMA INDAH,RI.2025.01.00020,07/01/2025,,SURABAYA,,,GMB50,GEA GMB50,,3,3,BH,GD. UTAMA (SBY) - CBP,PO.2025.01.00013,,,
31,,CV MUARA PERKASA,RI.2025.01.00022,08/01/2025,,BALI,,,GWC05MOO5S,GREE GWC-05MOO5S,,20,20,SET,GD. UTAMA (BALI) - CBP,PO.2025.01.00030,,,
32,,PT DAIKIN AIRCONDITIONING INDONESIA,RI.2025.01.00024,08/01/2025,,SURABAYA,,,STC35NV,DAIKIN STC-35NV,,3,3,SET,GD. UTAMA (SBY) - CBP,PO.2025.01.00025,,,
33,,PT DAIKIN AIRCONDITIONING INDONESIA,RI.2025.01.00024,08/01/2025,,SURABAYA,,,STC50XV,DAIKIN STC-50XV,,5,5,SET,GD. UTAMA (SBY) - CBP,PO.2025.01.00025,,,
34,,PT DAIKIN AIRCONDITIONING INDONESIA,RI.2025.01.00024,08/01/2025,,SURABAYA,,,STKF35AV,DAIKIN STKF-35AV,,1,1,SET,GD. UTAMA (SBY) - CBP,PO.2025.01.00025,,,
35,,PT DAIKIN AIRCONDITIONING INDONESIA,RI.2025.01.00024,08/01/2025,,SURABAYA,,,STV50CXV,DAIKIN STV-50CXV,,10,10,SET,GD. UTAMA (SBY) - CBP,PO.2025.01.00025,,,
36,,PT DAIKIN AIRCONDITIONING INDONESIA,RI.2025.01.00024,08/01/2025,,SURABAYA,,,STC15NV,DAIKIN STC-15NV,,2,2,SET,GD. UTAMA (SBY) - CBP,PO.2025.01.00025,,,
37,,PT DAIKIN AIRCONDITIONING INDONESIA,RI.2025.01.00024,08/01/2025,,SURABAYA,,,STC25NV,DAIKIN STC-25NV,,5,5,SET,GD. UTAMA (SBY) - CBP,PO.2025.01.00025,,,
38,,CV BALLY AIRCOND,RI.2025.01.00023,08/01/2025,,BALI,,,GWC18N1A,GREE GWC-18N1A,,5,5,SET,GD. UTAMA (BALI) - CBP,PO.2025.01.00031,,,
39,,CV BALLY AIRCOND,RI.2025.01.00023,08/01/2025,,BALI,,,GWC12N1A,GREE GWC-12N1A,,5,5,SET,GD. UTAMA (BALI) - CBP,PO.2025.01.00031,,,
40,,PT DAIKIN AIRCONDITIONING INDONESIA,RI.2025.01.00025,08/01/2025,,SURABAYA,,,STP15AV9,DAIKIN STP-15AV9,,32,32,SET,GD. UTAMA (SBY) - CBP,PO.2025.01.00021,,,
41,,PT DAIKIN AIRCONDITIONING INDONESIA,RI.2025.01.00025,08/01/2025,,SURABAYA,,,STP25AV9,DAIKIN STP-25AV9,,18,18,SET,GD. UTAMA (SBY) - CBP,PO.2025.01.00021,,,
42,,PT DAIKIN AIRCONDITIONING INDONESIA,RI.2025.01.00026,08/01/2025,,SURABAYA,,,SVC85AYL,DAIKIN SVC85AYL,,1,1,SET,GD. UTAMA (SBY) - CBP,PO.2025.01.00017,,,
43,,PT DAIKIN AIRCONDITIONING INDONESIA,RI.2025.01.00027,08/01/2025,,SURABAYA,,,2MKC20RVM1515,DAIKIN 2MKC20RVM (15+15),,1,1,SET,GD. UTAMA (SBY) - CBP,PO.2025.01.00026,,,
44,,PT DAIKIN AIRCONDITIONING INDONESIA,RI.2025.01.00029,08/01/2025,,SURABAYA,,,STC15NV,DAIKIN STC-15NV,,5,5,SET,GD. UTAMA (SBY) - CBP,PO.2025.01.00016,,,
45,,PT DAIKIN AIRCONDITIONING INDONESIA,RI.2025.01.00029,08/01/2025,,SURABAYA,,,STC35NV,DAIKIN STC-35NV,,3,3,SET,GD. UTAMA (SBY) - CBP,PO.2025.01.00016,,,
46,,PT DAIKIN AIRCONDITIONING INDONESIA,RI.2025.01.00029,08/01/2025,,SURABAYA,,,STKC35TV,DAIKIN STKC-35TV,,1,1,SET,GD. UTAMA (SBY) - CBP,PO.2025.01.00016,,,
47,,PT DAIKIN AIRCONDITIONING INDONESIA,RI.2025.01.00029,08/01/2025,,SURABAYA,,,STV15CXV,DAIKIN STV-15CXV,,5,5,SET,GD. UTAMA (SBY) - CBP,PO.2025.01.00016,,,
48,,PT DAIKIN AIRCONDITIONING INDONESIA,RI.2025.01.00029,08/01/2025,,SURABAYA,,,STV50CXV,DAIKIN STV-50CXV,,2,2,SET,GD. UTAMA (SBY) - CBP,PO.2025.01.00016,,,
49,,PT CHANGHONG MEILING ELECTRIC INDONESIA,RI.2025.01.00028,08/01/2025,,SURABAYA,,,CSC09NVC4,CHANGHONG CSC-09NVC4,,15,15,SET,GD. UTAMA (SBY) - CBP,PO.2025.01.00006,,,
50,,PT CHANGHONG MEILING ELECTRIC INDONESIA,RI.2025.01.00028,08/01/2025,,SURABAYA,,,CSC18NVB3,CHANGHONG CSC-18NVB3,,5,5,SET,GD. UTAMA (SBY) - CBP,PO.2025.01.00006,,,
51,,CV BANDUNG GEMILANG SENTOSA,RI.2025.01.00036,09/01/2025,,SURABAYA,,,GWC09C3ES,GREE GWC-09C3ES,,10,10,SET,GD. UTAMA (SBY) - CBP,PO.2025.01.00029,,,
52,,CV BANDUNG GEMILANG SENTOSA,RI.2025.01.00036,09/01/2025,,SURABAYA,,,GWC09F5S,GREE GWC-09F5S,,8,8,SET,GD. UTAMA (SBY) - CBP,PO.2025.01.00029,,,
53,,CV BANDUNG GEMILANG SENTOSA,RI.2025.01.00036,09/01/2025,,SURABAYA,,,GWC12F5S,GREE GWC-12F5S,,2,2,SET,GD. UTAMA (SBY) - CBP,PO.2025.01.00029,,,
54,,CV BANDUNG GEMILANG SENTOSA,RI.2025.01.00036,09/01/2025,,SURABAYA,,,GWC12N1A,GREE GWC-12N1A,,10,10,SET,GD. UTAMA (SBY) - CBP,PO.2025.01.00029,,,
55,,CV BANDUNG GEMILANG SENTOSA,RI.2025.01.00036,09/01/2025,,SURABAYA,,,GWC18N1A,GREE GWC-18N1A,,10,10,SET,GD. UTAMA (SBY) - CBP,PO.2025.01.00029,,,
56,,PT SHARP ELECTRONICS INDONESIA,RI.2025.01.00032,09/01/2025,,BALI,,,AHX18ZY,SHARP AH-X18ZY,,5,5,SET,GD. UTAMA (BALI) - CBP,PO.2024.12.00163,,,
57,,PT SAMSUNG ELECTRONICS INDONESIA,RI.2025.01.00030,09/01/2025,,SURABAYA,,,AR05BGHQ,SAMSUNG AR05BGHQ,,5,5,SET,GD. UTAMA (SBY) - CBP,PO.2024.11.00059,,,
58,,PT SAMSUNG ELECTRONICS INDONESIA,RI.2025.01.00030,09/01/2025,,SURABAYA,,,AR09BGHQ,SAMSUNG AR09BGHQ,,5,5,SET,GD. UTAMA (SBY) - CBP,PO.2024.11.00059,,,
59,,PT DAIKIN AIRCONDITIONING INDONESIA,RI.2025.01.00031,09/01/2025,,SURABAYA,,,STKQ15UV,DAIKIN STKQ-15UV,,7,7,SET,GD. UTAMA (SBY) - CBP,PO.2025.01.00033,,,
60,,PT DAIKIN AIRCONDITIONING INDONESIA,RI.2025.01.00031,09/01/2025,,SURABAYA,,,STV15CXV,DAIKIN STV-15CXV,,2,2,SET,GD. UTAMA (SBY) - CBP,PO.2025.01.00033,,,
61,,PT DAIKIN AIRCONDITIONING INDONESIA,RI.2025.01.00031,09/01/2025,,SURABAYA,,,STV35CXV,DAIKIN STV-35CXV,,2,2,SET,GD. UTAMA (SBY) - CBP,PO.2025.01.00033,,,
62,,PT SHARP ELECTRONICS INDONESIA,RI.2025.01.00033,09/01/2025,,BALI,,,AHA5BEY,SHARP AH-A5BEY,,20,20,SET,GD. UTAMA (BALI) - CBP,PO.2024.12.00163,,,
63,,PT SHARP ELECTRONICS INDONESIA,RI.2025.01.00034,09/01/2025,,BALI,,,AHA9ZCY,SHARP AH-A9ZCY,,10,10,SET,GD. UTAMA (BALI) - CBP,PO.2024.12.00163,,,
64,,PT CHANGHONG MEILING ELECTRIC INDONESIA,RI.2025.01.00035,09/01/2025,,SURABAYA,,,CSC05NVB4,CHANGHONG CSC-05NVB4,,25,25,SET,GD. UTAMA (BALI) - CBP,PO.2024.11.00069,,,
65,,CV MULTI GUNA SELARAS,RI.2025.01.00037,09/01/2025,,SURABAYA,,,SRK05CR,MITSUBISHI HEAVY INDUSTRIES SRK05CR,,3,3,SET,GD. UTAMA (SBY) - CBP,PO.2025.01.00037,,,
66,,CV MULTI GUNA SELARAS,RI.2025.01.00037,09/01/2025,,SURABAYA,,,SRK09CTR,MITSUBISHI HEAVY INDUSTRIES SRK09CTR,,4,4,SET,GD. UTAMA (SBY) - CBP,PO.2025.01.00037,,,
67,,CV MULTI GUNA SELARAS,RI.2025.01.00037,09/01/2025,,SURABAYA,,,SRK09CXP,MITSUBISHI HEAVY INDUSTRIES SRK09CXP,,6,6,SET,GD. UTAMA (SBY) - CBP,PO.2025.01.00037,,,
68,,PT DAIKIN AIRCONDITIONING INDONESIA,RI.2025.01.00040,10/01/2025,,SURABAYA,,,STC15NV,DAIKIN STC-15NV,,10,10,SET,GD. UTAMA (SBY) - CBP,PO.2025.01.00036,,,
69,,PT DAIKIN AIRCONDITIONING INDONESIA,RI.2025.01.00040,10/01/2025,,SURABAYA,,,STC20NV,DAIKIN STC-20NV,,5,5,SET,GD. UTAMA (SBY) - CBP,PO.2025.01.00036,,,
70,,PT DAIKIN AIRCONDITIONING INDONESIA,RI.2025.01.00040,10/01/2025,,SURABAYA,,,STC25NV,DAIKIN STC-25NV,,20,20,SET,GD. UTAMA (SBY) - CBP,PO.2025.01.00036,,,
71,,PT DAIKIN AIRCONDITIONING INDONESIA,RI.2025.01.00040,10/01/2025,,SURABAYA,,,STC35NV,DAIKIN STC-35NV,,5,5,SET,GD. UTAMA (SBY) - CBP,PO.2025.01.00036,,,
72,,PT DAIKIN AIRCONDITIONING INDONESIA,RI.2025.01.00040,10/01/2025,,SURABAYA,,,STC50XV,DAIKIN STC-50XV,,10,10,SET,GD. UTAMA (SBY) - CBP,PO.2025.01.00036,,,
73,,PT DAIKIN AIRCONDITIONING INDONESIA,RI.2025.01.00040,10/01/2025,,SURABAYA,,,STKC25TV,DAIKIN STKC-25TV,,2,2,SET,GD. UTAMA (SBY) - CBP,PO.2025.01.00036,,,
74,,PT DAIKIN AIRCONDITIONING INDONESIA,RI.2025.01.00040,10/01/2025,,SURABAYA,,,STV50CXV,DAIKIN STV-50CXV,,5,5,SET,GD. UTAMA (SBY) - CBP,PO.2025.01.00036,,,
75,,PT SHARP ELECTRONICS INDONESIA,RI.2025.01.00038,10/01/2025,,SURABAYA,,,AHX6BEY,SHARP AH-X6BEY,,15,15,SET,GD. UTAMA (SBY) - CBP,PO.2024.12.00196,,,
76,,PT SHARP ELECTRONICS INDONESIA,RI.2025.01.00038,10/01/2025,,SURABAYA,,,AHX10BEY,SHARP AH-X10BEY,,15,15,SET,GD. UTAMA (SBY) - CBP,PO.2024.12.00196,,,
77,,PT SHARP ELECTRONICS INDONESIA,RI.2025.01.00038,10/01/2025,,SURABAYA,,,PB40509,"SHARP 1/4""-3/8"" (0,50-0,60)",,3,3,ROL20,GD. UTAMA (SBY) - CBP,PO.2024.12.00196,,,
78,,CV BALLY AIRCOND,RI.2025.01.00039,10/01/2025,,BALI,,,GWC0507CSS,GREE GWC0507CSS,,1,1,SET,GD. UTAMA (BALI) - CBP,PO.2025.01.00031,,,
79,,PT DAIKIN AIRCONDITIONING INDONESIA,RI.2025.01.00041,10/01/2025,,BALI,,,STC25NV,DAIKIN STC-25NV,,8,8,SET,GD. UTAMA (BALI) - CBP,PO.2025.01.00022,,,
80,,PT DAIKIN AIRCONDITIONING INDONESIA,RI.2025.01.00041,10/01/2025,,BALI,,,STC35NV,DAIKIN STC-35NV,,7,7,SET,GD. UTAMA (BALI) - CBP,PO.2025.01.00022,,,
81,,PT DAIKIN AIRCONDITIONING INDONESIA,RI.2025.01.00041,10/01/2025,,BALI,,,STC50XV,DAIKIN STC-50XV,,15,15,SET,GD. UTAMA (BALI) - CBP,PO.2025.01.00022,,,
82,,PT DAIKIN AIRCONDITIONING INDONESIA,RI.2025.01.00041,10/01/2025,,BALI,,,STKC25TV,DAIKIN STKC-25TV,,2,2,SET,GD. UTAMA (BALI) - CBP,PO.2025.01.00022,,,
83,,PT DAIKIN AIRCONDITIONING INDONESIA,RI.2025.01.00041,10/01/2025,,BALI,,,STKQ20UV,DAIKIN STKQ-20UV,,2,2,SET,GD. UTAMA (BALI) - CBP,PO.2025.01.00022,,,
84,,PT DAIKIN AIRCONDITIONING INDONESIA,RI.2025.01.00041,10/01/2025,,BALI,,,STKQ25UV,DAIKIN STKQ-25UV,,2,2,SET,GD. UTAMA (BALI) - CBP,PO.2025.01.00022,,,
85,,PT DAIKIN AIRCONDITIONING INDONESIA,RI.2025.01.00041,10/01/2025,,BALI,,,STKQ50UV,DAIKIN STKQ-50UV,,2,2,SET,GD. UTAMA (BALI) - CBP,PO.2025.01.00022,,,
86,,PT DAIKIN AIRCONDITIONING INDONESIA,RI.2025.01.00041,10/01/2025,,BALI,,,STV35CXV,DAIKIN STV-35CXV,,7,7,SET,GD. UTAMA (BALI) - CBP,PO.2025.01.00022,,,
87,,PT PANASONIC GOBEL INDONESIA,RI.2025.01.00042,10/01/2025,,SURABAYA,,,FEU409A2,PANASONIC F-EU409-A2,,10,10,BH,GD. UTAMA (SBY) - CBP,PO.2025.01.00039,,,
88,,PT PANASONIC GOBEL INDONESIA,RI.2025.01.00042,10/01/2025,,SURABAYA,,,FV15TGU1W,PANASONIC FV-15TGU1-W,,20,20,BH,GD. UTAMA (SBY) - CBP,PO.2025.01.00039,,,
89,,PT PANASONIC GOBEL INDONESIA,RI.2025.01.00042,10/01/2025,,SURABAYA,,,FV25TGU5W,PANASONIC FV-25TGU5-W,,20,20,BH,GD. UTAMA (SBY) - CBP,PO.2025.01.00039,,,
90,,CV BANDUNG GEMILANG SENTOSA,RI.2025.01.00043,10/01/2025,,SURABAYA,,,GWC09MOO5S,GREE GWC-09MOO5S,,19,19,SET,GD. UTAMA (SBY) - CBP,PO.2025.01.00038,,,
91,,PT MIDEA PLANET INDONESIA,RI.2025.01.00044,10/01/2025,,SURABAYA,,,MSFC05CRN2X,MIDEA MSFC05CRN2X,,20,20,SET,GD. UTAMA (SBY) - CBP,PO.2025.01.00024,,,
92,,PT MIDEA PLANET INDONESIA,RI.2025.01.00045,10/01/2025,,SURABAYA,,,MSAF05CRN2,MIDEA MSAF05CRN2,,100,100,SET,GD. UTAMA (SBY) - CBP,PO.2025.01.00028,,,
93,,CV MULTI GUNA SELARAS,RI.2025.01.00046,11/01/2025,,SURABAYA,,,FDF125CSV,MITSUBISHI HEAVY INDUSTRIES FDF125CSV,,1,1,SET,GD. UTAMA (SBY) - CBP,PO.2025.01.00050,,,
94,,PT CHANGHONG MEILING ELECTRIC INDONESIA,RI.2025.01.00047,11/01/2025,,SURABAYA,,,CSC05NVB4,CHANGHONG CSC-05NVB4,,50,50,SET,GD. UTAMA (SBY) - CBP,PO.2024.11.00069,,,
95,,PT SARANA KENCANA MULYA,RI.2025.01.00048,11/01/2025,,SURABAYA,,,PAC05VH,POLYTRON PAC05VH,,72,72,SET,GD. UTAMA (SBY) - CBP,PO.2025.01.00019,,,
96,,PT SARANA KENCANA MULYA,RI.2025.01.00181,13/01/2025,,SURABAYA,,,PAC09VH,POLYTRON PAC09VH,,15,15,SET,GD. UTAMA (SBY) - CBP,PO.2024.12.00101,,,
97,,PT CATURAGA TIARA PERSADA,RI.2025.01.00050,13/01/2025,,SURABAYA,,,CW0501RA,REIWA CW-0501RA,,35,35,UNIT,GD. UTAMA (SBY) - CBP,PO.2025.01.00009,,,
98,,CV BALLY AIRCOND,RI.2025.01.00052,13/01/2025,,BALI,,,GWC09MOO5S,GREE GWC-09MOO5S,,15,15,SET,GD. UTAMA (BALI) - CBP,PO.2025.01.00042,,,
99,,CV BALLY AIRCOND,RI.2025.01.00052,13/01/2025,,BALI,,,GWC09F5S,GREE GWC-09F5S,,5,5,SET,GD. UTAMA (BALI) - CBP,PO.2025.01.00042,,,
100,,CV BALLY AIRCOND,RI.2025.01.00049,13/01/2025,,BALI,,,GWC12N1A,GREE GWC-12N1A,,12,12,SET,GD. UTAMA (BALI) - CBP,PO.2025.01.00040,,,
101,,CV BALLY AIRCOND,RI.2025.01.00051,13/01/2025,,BALI,,,GWC07MOO5S,GREE GWC-07MOO5S,,5,5,SET,GD. UTAMA (BALI) - CBP,PO.2025.01.00042,,,
102,,PT TRIMASTER JAYA ABADI,RI.2025.01.00053,13/01/2025,,SURABAYA,,,GEVER1412,"GEVER INVERTER 1/4-1/2""",,3,3,ROL30,GD. UTAMA (SBY) - CBP,PO.2025.01.00058,,,
103,,PT TRIMASTER JAYA ABADI,RI.2025.01.00053,13/01/2025,,SURABAYA,,,GEVER1438,"GEVER INVERTER 1/4-3/8""",,8,8,ROL30,GD. UTAMA (SBY) - CBP,PO.2025.01.00058,,,
104,,PT FLIFE TECHNOLOGIES INDONESIA,RI.2025.01.00054,13/01/2025,,SURABAYA,,,FAC05FC00,FLIFE FAC-05FC00,,3,3,SET,GD. UTAMA (SBY) - CBP,PO.2025.01.00049,,,
105,,PT FLIFE TECHNOLOGIES INDONESIA,RI.2025.01.00054,13/01/2025,,SURABAYA,,,FAC09FC00,FLIFE FAC-09FC00,,1,1,SET,GD. UTAMA (SBY) - CBP,PO.2025.01.00049,,,
106,,CV MIAMI ELECTRONIC,RI.2025.01.00055,13/01/2025,,SURABAYA,,,GWC05C3ES,GREE GWC-05C3ES,,8,8,SET,GD. UTAMA (SBY) - CBP,PO.2025.01.00043,,,
107,,CV MIAMI ELECTRONIC,RI.2025.01.00055,13/01/2025,,SURABAYA,,,GWC07C3ES,GREE GWC-07C3ES,,3,3,SET,GD. UTAMA (SBY) - CBP,PO.2025.01.00043,,,
108,,CV MIAMI ELECTRONIC,RI.2025.01.00055,13/01/2025,,SURABAYA,,,GWC07MOO5S,GREE GWC-07MOO5S,,9,9,SET,GD. UTAMA (SBY) - CBP,PO.2025.01.00043,,,
109,,PT DAIKIN AIRCONDITIONING INDONESIA,RI.2025.01.00056,13/01/2025,,SURABAYA,,,4010742,EVAPORATOR FCNQ42MV,,1,1,BH,GD. UTAMA (SBY) - CBP,PO.2025.01.00011,,,
110,,PT DAIKIN AIRCONDITIONING INDONESIA,RI.2025.01.00056,13/01/2025,,SURABAYA,,,4010814,DRAIN PAN ASSY,,1,1,SET,GD. UTAMA (SBY) - CBP,PO.2025.01.00011,,,
111,,PT LG ELECTRONICS INDONESIA,RI.2025.01.00057,13/01/2025,,SURABAYA,,,T09EV5,LG T09EV5,,5,5,SET,GD. UTAMA (SBY) - CBP,PO.2025.01.00007,,,
112,,PT LG ELECTRONICS INDONESIA,RI.2025.01.00058,13/01/2025,,SURABAYA,,,T12EV5,LG T12EV5,,3,3,SET,GD. UTAMA (SBY) - CBP,PO.2025.01.00032,,,
113,,PT PANASONIC GOBEL INDONESIA,RI.2025.01.00059,13/01/2025,,SURABAYA,,,CSCUPU9AKJ,PANASONIC CS/CU-PU9AKJ,,3,3,SET,GD. UTAMA (SBY) - CBP,PO.2025.01.00048,,,
114,,PT SUMBER MANDIRI SURABAYA,RI.2025.01.00060,13/01/2025,,SURABAYA,,,HDSPIRALDRAIN,HD SPIRAL DRAIN,,15,15,ROL50,GD. UTAMA (SBY) - CBP,PO.2025.01.00057,,,
115,,PT SARANA KENCANA MULYA,RI.2025.01.00062,13/01/2025,,SURABAYA,,,PAC05VZI,POLYTRON PAC05VZI,,10,10,SET,GD. UTAMA (SBY) - CBP,PO.2025.01.00041,,,
116,,PT SARANA KENCANA MULYA,RI.2025.01.00062,13/01/2025,,SURABAYA,,,PAC09VZI,POLYTRON PAC09VZI,,5,5,SET,GD. UTAMA (SBY) - CBP,PO.2025.01.00041,,,
117,,PT SARANA KENCANA MULYA,RI.2025.01.00062,13/01/2025,,SURABAYA,,,PAC05VZSI,POLYTRON PAC05VZSI,,10,10,SET,GD. UTAMA (SBY) - CBP,PO.2025.01.00041,,,
118,,PT SARANA KENCANA MULYA,RI.2025.01.00062,13/01/2025,,SURABAYA,,,PAC09VZSI,POLYTRON PAC09VZSI,,5,5,SET,GD. UTAMA (SBY) - CBP,PO.2025.01.00041,,,
119,,PT SARANA KENCANA MULYA,RI.2025.01.00063,13/01/2025,,SURABAYA,,,PAC05VH,POLYTRON PAC05VH,,35,35,SET,GD. UTAMA (SBY) - CBP,PO.2025.01.00019,,,
120,,PT JATIM WATKORAYA,RI.2025.01.00061,13/01/2025,,SURABAYA,,,ETERNA3X2.5MM,"ETERNA 3X2,5MM",,15,15,ROL50,GD. UTAMA (SBY) - CBP,PO.2025.01.00064,,,
121,,PT JATIM WATKORAYA,RI.2025.01.00061,13/01/2025,,SURABAYA,,,ETERNA2X1.5MM,"ETERNA 2X1,5MM",,18,18,ROL100,GD. UTAMA (SBY) - CBP,PO.2025.01.00064,,,
122,,PT JATIM WATKORAYA,RI.2025.01.00061,13/01/2025,,SURABAYA,,,STEKER,MASKO STEKER,,240,240,BH,GD. UTAMA (SBY) - CBP,PO.2025.01.00064,,,
123,,PT SARANA KENCANA MULYA,RI.2025.01.00209,14/01/2025,,MADIUN,,,PAC07VH,POLYTRON PAC07VH,,7,7,SET,GD. UTAMA (MDN) - CBP,PO.2025.01.00081,,,
124,,PT SARANA KENCANA MULYA,RI.2025.01.00092,14/01/2025,,SURABAYA,,,PAC05VH,POLYTRON PAC05VH,,20,20,SET,GD. UTAMA (MDN) - CBP,PO.2025.01.00019,,,
125,,PT SARANA KENCANA MULYA,RI.2025.01.00210,14/01/2025,,MADIUN,,,PAC05VZI,POLYTRON PAC05VZI,,3,3,SET,GD. UTAMA (MDN) - CBP,PO.2025.01.00081,,,
126,,PT SARANA KENCANA MULYA,RI.2025.01.00210,14/01/2025,,SURABAYA,,,PAC09VH,POLYTRON PAC09VH,,40,40,SET,GD. UTAMA (MDN) - CBP,PO.2025.01.00019,,,
127,,PT PANASONIC GOBEL INDONESIA,RI.2025.01.00065,14/01/2025,,SURABAYA,,,CSCULN7AKJ,PANASONIC CS/CU-LN7AKJ,,5,5,SET,GD. UTAMA (SBY) - CBP,PO.2025.01.00061,,,
128,,PT PANASONIC GOBEL INDONESIA,RI.2025.01.00065,14/01/2025,,SURABAYA,,,CSCUPN5AKJ,PANASONIC CS/CU-PN5AKJ,,5,5,SET,GD. UTAMA (SBY) - CBP,PO.2025.01.00061,,,
129,,PT PANASONIC GOBEL INDONESIA,RI.2025.01.00065,14/01/2025,,SURABAYA,,,CSCUPN9AKJ,PANASONIC CS/CU-PN9AKJ,,5,5,SET,GD. UTAMA (SBY) - CBP,PO.2025.01.00061,,,
130,,PT BERKAT ELEKTRIK SEJATI TANGGUH,RI.2025.01.00066,14/01/2025,,SURABAYA,,,BEST18QAR3,BESTLIFE BEST18QAR3,,5,5,SET,GD. UTAMA (SBY) - CBP,PO.2024.10.00160,,,
131,,PT BERKAT ELEKTRIK SEJATI TANGGUH,RI.2025.01.00067,14/01/2025,,SURABAYA,,,BEST05QAR3,BESTLIFE BEST05QAR3,,5,5,SET,GD. UTAMA (SBY) - CBP,PO.2024.12.00040,,,
132,,CV BANDUNG GEMILANG SENTOSA,RI.2025.01.00068,14/01/2025,,SURABAYA,,,GVC48STSSECO,GREE GVC-48STS(S)ECO,,1,1,SET,GD. UTAMA (SBY) - CBP,PO.2025.01.00059,,,
133,,CV BANDUNG GEMILANG SENTOSA,RI.2025.01.00068,14/01/2025,,SURABAYA,,,GTAACOOL6,GREE GTA-ACOOL6,,1,1,UNIT,GD. UTAMA (SBY) - CBP,PO.2025.01.00059,,,
134,,CV BANDUNG GEMILANG SENTOSA,RI.2025.01.00069,14/01/2025,,BALI,,,GVC24STSS,GREE GVC-24STSS,,2,2,SET,GD. UTAMA (BALI) - CBP,PO.2025.01.00045,,,
135,,CV BALLY AIRCOND,RI.2025.01.00070,14/01/2025,,BALI,,,GCAACOOL60,GREE GCA-ACOOL60,,3,3,UNIT,GD. UTAMA (BALI) - CBP,PO.2025.01.00060,,,
136,,CV BALLY AIRCOND,RI.2025.01.00071,14/01/2025,,BALI,,,GTAACOOL4,GREE GTA-ACOOL4,,3,3,UNIT,GD. UTAMA (BALI) - CBP,PO.2025.01.00068,,,
137,,CV BALLY AIRCOND,RI.2025.01.00071,14/01/2025,,BALI,,,GWC18F5S,GREE GWC-18F5S,,2,2,SET,GD. UTAMA (BALI) - CBP,PO.2025.01.00068,,,
138,,PT TRIMASTER JAYA ABADI,RI.2025.01.00077,14/01/2025,,SURABAYA,,,TAC09CSDXS,TCL TAC09CSD/XS,,5,5,SET,GD. UTAMA (SBY) - CBP,PO.2025.01.00065,,,
139,,PT PANASONIC GOBEL INDONESIA,RI.2025.01.00076,14/01/2025,,SURABAYA,,,CSCUYN12AKJ,PANASONIC CS/CU-YN12AKJ,,50,50,SET,GD. UTAMA (SBY) - CBP,PO.2025.01.00014,,,
140,,PT PANASONIC GOBEL INDONESIA,RI.2025.01.00076,14/01/2025,,SURABAYA,,,CSCUYN18AKJ,PANASONIC CS/CU-YN18AKJ,,135,135,SET,GD. UTAMA (SBY) - CBP,PO.2025.01.00014,,,
141,,PT TRIWIRA TEKNO MANDIRI,RI.2025.01.00078,14/01/2025,,SURABAYA,,,CSC09NVB4,CHANGHONG CSC-09NVB4,,10,10,SET,GD. UTAMA (SBY) - CBP,PO.2025.01.00051,,,
142,,PT TRIWIRA TEKNO MANDIRI,RI.2025.01.00078,14/01/2025,,SURABAYA,,,CSC09NVC4,CHANGHONG CSC-09NVC4,,10,10,SET,GD. UTAMA (SBY) - CBP,PO.2025.01.00051,,,
143,,PT DAIKIN AIRCONDITIONING INDONESIA,RI.2025.01.00079,14/01/2025,,SURABAYA,,,MKC70RVM4,DAIKIN MKC70RVM4,,2,2,SET,GD. UTAMA (SBY) - CBP,PO.2025.01.00054,,,
144,,PT DAIKIN AIRCONDITIONING INDONESIA,RI.2025.01.00079,14/01/2025,,SURABAYA,,,CTKC25RVM4,DAIKIN CTKC25RVM4,,3,3,SET,GD. UTAMA (SBY) - CBP,PO.2025.01.00054,,,
145,,PT DAIKIN AIRCONDITIONING INDONESIA,RI.2025.01.00079,14/01/2025,,SURABAYA,,,CTKC35RVM4,DAIKIN CTKC35RVM4,,1,1,SET,GD. UTAMA (SBY) - CBP,PO.2025.01.00054,,,
146,,PT DAIKIN AIRCONDITIONING INDONESIA,RI.2025.01.00079,14/01/2025,,SURABAYA,,,CTKC50RVM4,DAIKIN CTKC50RVM4,,2,2,SET,GD. UTAMA (SBY) - CBP,PO.2025.01.00054,,,
147,,PT DAIKIN AIRCONDITIONING INDONESIA,RI.2025.01.00080,14/01/2025,,SURABAYA,,,STC15NV,DAIKIN STC-15NV,,5,5,SET,GD. UTAMA (SBY) - CBP,PO.2025.01.00052,,,
148,,PT DAIKIN AIRCONDITIONING INDONESIA,RI.2025.01.00080,14/01/2025,,SURABAYA,,,STC25NV,DAIKIN STC-25NV,,20,20,SET,GD. UTAMA (SBY) - CBP,PO.2025.01.00052,,,
149,,PT DAIKIN AIRCONDITIONING INDONESIA,RI.2025.01.00080,14/01/2025,,SURABAYA,,,STC35NV,DAIKIN STC-35NV,,5,5,SET,GD. UTAMA (SBY) - CBP,PO.2025.01.00052,,,
150,,PT DAIKIN AIRCONDITIONING INDONESIA,RI.2025.01.00080,14/01/2025,,SURABAYA,,,STC50XV,DAIKIN STC-50XV,,10,10,SET,GD. UTAMA (SBY) - CBP,PO.2025.01.00052,,,
151,,PT DAIKIN AIRCONDITIONING INDONESIA,RI.2025.01.00080,14/01/2025,,SURABAYA,,,STV15CXV,DAIKIN STV-15CXV,,3,3,SET,GD. UTAMA (SBY) - CBP,PO.2025.01.00052,,,
152,,PT DAIKIN AIRCONDITIONING INDONESIA,RI.2025.01.00080,14/01/2025,,SURABAYA,,,STV35CXV,DAIKIN STV-35CXV,,3,3,SET,GD. UTAMA (SBY) - CBP,PO.2025.01.00052,,,
153,,PT DAIKIN AIRCONDITIONING INDONESIA,RI.2025.01.00080,14/01/2025,,SURABAYA,,,STV50CXV,DAIKIN STV-50CXV,,5,5,SET,GD. UTAMA (SBY) - CBP,PO.2025.01.00052,,,
154,,PT DAIKIN AIRCONDITIONING INDONESIA,RI.2025.01.00081,14/01/2025,,SURABAYA,,,STV25CXV,DAIKIN STV-25CXV,,10,10,SET,GD. UTAMA (SBY) - CBP,PO.2025.01.00056,,,
155,,PT SARANA KENCANA MULYA,RI.2025.01.00082,14/01/2025,,SURABAYA,,,PAC09VH,POLYTRON PAC09VH,,35,35,SET,GD. UTAMA (SBY) - CBP,PO.2024.12.00101,,,
156,,PT SARANA KENCANA MULYA,RI.2025.01.00083,14/01/2025,,SURABAYA,,,PAC09VH,POLYTRON PAC09VH,,17,17,SET,GD. UTAMA (SBY) - CBP,PO.2025.01.00019,,,
157,,PT SARANA KENCANA MULYA,RI.2025.01.00084,14/01/2025,,SURABAYA,,,PAC05VH,POLYTRON PAC05VH,,33,33,SET,GD. UTAMA (SBY) - CBP,PO.2025.01.00019,,,
158,,PT MIDEA PLANET INDONESIA,RI.2025.01.00072,15/01/2025,,SURABAYA,,,MCD24CRN,MIDEA MCD-24CRN,,1,1,SET,GD. UTAMA (SBY) - CBP,PO.2025.01.00035,,,
159,,CV BALLY AIRCOND,RI.2025.01.00085,15/01/2025,,BALI,,,GCAACOOL60,GREE GCA-ACOOL60,,1,1,UNIT,GD. UTAMA (BALI) - CBP,PO.2025.01.00060,,,
160,,PT CHANGHONG MEILING ELECTRIC INDONESIA,RI.2025.01.00088,15/01/2025,,SURABAYA,,,CSC18NVB3,CHANGHONG CSC-18NVB3,,10,10,SET,GD. UTAMA (SBY) - CBP,PO.2025.01.00006,,,
161,,PT CHANGHONG MEILING ELECTRIC INDONESIA,RI.2025.01.00088,15/01/2025,,SURABAYA,,,CSC12NVB4,CHANGHONG CSC-12NVB4,,3,3,SET,GD. UTAMA (SBY) - CBP,PO.2025.01.00006,,,
162,,CV MUARA PERKASA,RI.2025.01.00086,15/01/2025,,BALI,,,GWC05MOO5S,GREE GWC-05MOO5S,,20,20,SET,GD. UTAMA (BALI) - CBP,PO.2025.01.00069,,,
163,,PT AKARI INDONESIA,RI.2025.01.00087,15/01/2025,,BALI,,,A09TC88NLW,AKARI A09TC88NLW,,10,10,SET,GD. UTAMA (BALI) - CBP,PO.2025.01.00079,,,
164,,CV BANDUNG GEMILANG SENTOSA,RI.2025.01.00089,15/01/2025,,SURABAYA,,,GWC0707CS,GREE GWC0707CS,,1,1,SET,GD. UTAMA (SBY) - CBP,PO.2025.01.00067,,,
165,,CV BANDUNG GEMILANG SENTOSA,RI.2025.01.00089,15/01/2025,,SURABAYA,,,GWC12F5S,GREE GWC-12F5S,,2,2,SET,GD. UTAMA (SBY) - CBP,PO.2025.01.00067,,,
166,,PT DAIKIN AIRCONDITIONING INDONESIA,RI.2025.01.00090,15/01/2025,,SURABAYA,,,STC25NV,DAIKIN STC-25NV,,5,5,SET,GD. UTAMA (SBY) - CBP,PO.2025.01.00066,,,
167,,PT DAIKIN AIRCONDITIONING INDONESIA,RI.2025.01.00090,15/01/2025,,SURABAYA,,,STKF35AV,DAIKIN STKF-35AV,,1,1,SET,GD. UTAMA (SBY) - CBP,PO.2025.01.00066,,,
168,,CV JAYA ARTHA SEJAHTERA,RI.2025.01.00091,15/01/2025,,SURABAYA,,,DINABOLT,DINABOLT,,1500,1500,SET,GD. UTAMA (SBY) - CBP,PO.2024.12.00103,,,
169,,PT MIDEA PLANET INDONESIA,RI.2025.01.00073,15/01/2025,,SURABAYA,,,MCD18CRN,MIDEA MCD-18CRN,,3,3,SET,GD. UTAMA (SBY) - CBP,PO.2025.01.00053,,,
170,,PT GENERGY GLOBAL INDONESIA,RI.2025.01.00074,15/01/2025,,SURABAYA,,,MCD18CRDN2,MIDEA MCD-18CRDN2,,1,1,SET,GD. UTAMA (SBY) - CBP,PO.2025.01.00055,,,
171,,PT GENERGY GLOBAL INDONESIA,RI.2025.01.00075,15/01/2025,,SURABAYA,,,MCD18CRDN2,MIDEA MCD-18CRDN2,,1,1,SET,GD. UTAMA (SBY) - CBP,PO.2025.01.00073,,,
172,,PT MIDEA PLANET INDONESIA,RI.2025.01.00094,16/01/2025,,BALI,,,MPHA05CRN7,MIDEA MPHA-05CRN7,,5,5,UNIT,GD. UTAMA (BALI) - CBP,PO.2025.01.00044,,,
173,,PT MIDEA PLANET INDONESIA,RI.2025.01.00094,16/01/2025,,BALI,,,MPF212CRN1,MIDEA MPF2-12CRN1,,5,5,SET,GD. UTAMA (BALI) - CBP,PO.2025.01.00044,,,
174,,PT SARANA KENCANA MULYA,RI.2025.01.00096,16/01/2025,,SURABAYA,,,PAC09VH,POLYTRON PAC09VH,,83,83,SET,GD. UTAMA (SBY) - CBP,PO.2025.01.00019,,,
175,,PT DAIKIN AIRCONDITIONING INDONESIA,RI.2025.01.00095,16/01/2025,,MADIUN,,,STC15NV,DAIKIN STC-15NV,,10,10,SET,GD. UTAMA (MDN) - CBP,PO.2025.01.00063,,,
176,,PT DAIKIN AIRCONDITIONING INDONESIA,RI.2025.01.00095,16/01/2025,,MADIUN,,,STC50XV,DAIKIN STC-50XV,,10,10,SET,GD. UTAMA (MDN) - CBP,PO.2025.01.00063,,,
177,,PT DAIKIN AIRCONDITIONING INDONESIA,RI.2025.01.00095,16/01/2025,,MADIUN,,,STV15CXV,DAIKIN STV-15CXV,,10,10,SET,GD. UTAMA (MDN) - CBP,PO.2025.01.00063,,,
178,,PT DAIKIN AIRCONDITIONING INDONESIA,RI.2025.01.00095,16/01/2025,,MADIUN,,,STV35CXV,DAIKIN STV-35CXV,,5,5,SET,GD. UTAMA (MDN) - CBP,PO.2025.01.00063,,,
179,,PT DAIKIN AIRCONDITIONING INDONESIA,RI.2025.01.00095,16/01/2025,,MADIUN,,,STV50CXV,DAIKIN STV-50CXV,,10,10,SET,GD. UTAMA (MDN) - CBP,PO.2025.01.00063,,,
180,,PT MIDEA PLANET INDONESIA,RI.2025.01.00093,16/01/2025,,BALI,,,MSFC09CRN2X,MIDEA MSFC09CRN2X,,20,20,SET,GD. UTAMA (BALI) - CBP,PO.2025.01.00044,,,
181,,SAMI JAYA,RI.2025.01.00098,16/01/2025,,SURABAYA,,,,,,30,30,SET,GD. UTAMA (SBY) - CBP,PO.2025.01.00070,,,
182,,,RI.2025.01.00097,16/01/2025,,SURABAYA,,,S1438,"ZUTTO 1/4""-3/8"" (0,40-0,45)",,190,190,ROL30,GD. UTAMA (SBY) - CBP,PO.2024.12.00038,,,
183,,,RI.2025.01.00097,16/01/2025,,SURABAYA,,,A1412,"ARA 1/4""-1/2"" (0,60-0,60)",,52,52,ROL30,GD. UTAMA (SBY) - CBP,PO.2024.12.00038,,,
184,,,RI.2025.01.00097,16/01/2025,,SURABAYA,,,H3858,"HONSHU 3/8""-5/8"" (0,61-0,71)",,1,1,ROL30,GD. UTAMA (SBY) - CBP,PO.2024.12.00038,,,
185,,,RI.2025.01.00097,16/01/2025,,SURABAYA,,,H3834,"HONSHU 3/8""-3/4"" (0,65-0,89)",,19,19,ROL30,GD. UTAMA (SBY) - CBP,PO.2024.12.00038,,,
186,,,RI.2025.01.00097,16/01/2025,,SURABAYA,,,S1438,"ZUTTO 1/4""-3/8"" (0,40-0,45)",,150,150,ROL30,GD. UTAMA (SBY) - CBP,PO.2024.12.00038,,,
187,,,RI.2025.01.00097,16/01/2025,,SURABAYA,,,A1438,"ARA 1/4""-3/8"" (0,60-0,60)",,44,44,ROL30,GD. UTAMA (SBY) - CBP,PO.2024.12.00038,,,
188,,,RI.2025.01.00097,16/01/2025,,SURABAYA,,,P1438,"ZUTTO 1/4""-3/8"" (0,61-0,61)",,51,51,ROL30,GD. UTAMA (SBY) - CBP,PO.2024.12.00038,,,
189,,,RI.2025.01.00097,16/01/2025,,SURABAYA,,,P1438,"ZUTTO 1/4""-3/8"" (0,61-0,61)",,132,132,ROL30,GD. UTAMA (SBY) - CBP,PO.2024.12.00038,,,
190,,,RI.2025.01.00097,16/01/2025,,SURABAYA,,,P1412,"ZUTTO 1/4""-1/2"" (0,61-0,65)",,50,50,ROL30,GD. UTAMA (SBY) - CBP,PO.2024.12.00038,,,
191,,,RI.2025.01.00097,16/01/2025,,SURABAYA,,,H1412,"HONSHU 1/4""-1/2"" (0,61-0,65)",,42,42,ROL30,GD. UTAMA (SBY) - CBP,PO.2024.12.00038,,,
192,,,RI.2025.01.00097,16/01/2025,,SURABAYA,,,H1458,"HONSHU 1/4""-5/8"" (0,61-0,71)",,31,31,ROL30,GD. UTAMA (SBY) - CBP,PO.2024.12.00038,,,
193,,,RI.2025.01.00097,16/01/2025,,SURABAYA,,,H1234,"HONSHU 1/2""-3/4"" (0,65-0,89)",,23,23,ROL30,GD. UTAMA (SBY) - CBP,PO.2024.12.00038,,,
194,,,RI.2025.01.00097,16/01/2025,,SURABAYA,,,P1438,"ZUTTO 1/4""-3/8"" (0,61-0,61)",,98,98,ROL30,GD. UTAMA (SBY) - CBP,PO.2024.12.00038,,,
195,,,RI.2025.01.00097,16/01/2025,,SURABAYA,,,H1438,"HONSHU 1/4""-3/8"" (0,61-0,61)",,36,36,ROL30,GD. UTAMA (SBY) - CBP,PO.2024.12.00038,,,
196,,,RI.2025.01.00097,16/01/2025,,SURABAYA,,,S1412,"ZUTTO 1/4""-1/2"" (0,40-0,51)",,48,48,ROL30,GD. UTAMA (SBY) - CBP,PO.2024.12.00038,,,
197,,,RI.2025.01.00097,16/01/2025,,SURABAYA,,,P1412,"ZUTTO 1/4""-1/2"" (0,61-0,65)",,50,50,ROL30,GD. UTAMA (SBY) - CBP,PO.2024.12.00038,,,
198,,CV BANDUNG GEMILANG SENTOSA,RI.2025.01.00099,16/01/2025,,SURABAYA,,,,,,1,1,UNIT,GD. UTAMA (SBY) - CBP,PO.2025.01.00074,,,
199,,PT SARANA KENCANA MULYA,RI.2025.01.00101,16/01/2025,,SURABAYA,,,PAC09VH,POLYTRON PAC09VH,,12,12,SET,GD. UTAMA (SBY) - CBP,PO.2025.01.00019,,,
200,,PT SARANA KENCANA MULYA,RI.2025.01.00110,17/01/2025,,SURABAYA,,,PAC09VH,POLYTRON PAC09VH,,7,7,SET,GD. UTAMA (SBY) - CBP,PO.2025.01.00019,,,
201,,PT SARANA KENCANA MULYA,RI.2025.01.00109,17/01/2025,,SURABAYA,,,PAC09VH,POLYTRON PAC09VH,,88,88,SET,GD. UTAMA (SBY) - CBP,PO.2025.01.00019,,,
202,,PT DAIKIN AIRCONDITIONING INDONESIA,RI.2025.01.00103,17/01/2025,,SURABAYA,,,STC25NV,DAIKIN STC-25NV,,20,20,SET,GD. UTAMA (SBY) - CBP,PO.2025.01.00095,,,
203,,PT DAIKIN AIRCONDITIONING INDONESIA,RI.2025.01.00103,17/01/2025,,SURABAYA,,,STC50XV,DAIKIN STC-50XV,,15,15,SET,GD. UTAMA (SBY) - CBP,PO.2025.01.00095,,,
204,,PT DAIKIN AIRCONDITIONING INDONESIA,RI.2025.01.00103,17/01/2025,,SURABAYA,,,STKQ50UV,DAIKIN STKQ-50UV,,2,2,SET,GD. UTAMA (SBY) - CBP,PO.2025.01.00095,,,
205,,PT DAIKIN AIRCONDITIONING INDONESIA,RI.2025.01.00103,17/01/2025,,SURABAYA,,,STKQ60UV,DAIKIN STKQ-60UV,,1,1,SET,GD. UTAMA (SBY) - CBP,PO.2025.01.00095,,,
206,,PT DAIKIN AIRCONDITIONING INDONESIA,RI.2025.01.00103,17/01/2025,,SURABAYA,,,STV35CXV,DAIKIN STV-35CXV,,6,6,SET,GD. UTAMA (SBY) - CBP,PO.2025.01.00095,,,
207,,CV BALLY AIRCOND,RI.2025.01.00102,17/01/2025,,BALI,,,GWC18N1A,GREE GWC-18N1A,,15,15,SET,GD. UTAMA (BALI) - CBP,PO.2025.01.00092,,,
208,,PT TRIMASTER JAYA ABADI,RI.2025.01.00104,17/01/2025,,SURABAYA,,,GWC18N1A,GREE GWC-18N1A,,15,15,SET,GD. UTAMA (SBY) - CBP,PO.2025.01.00088,,,
209,,PT TRIMASTER JAYA ABADI,RI.2025.01.00104,17/01/2025,,SURABAYA,,,FM12512K,GREE FM-1.25-12-K,,4,4,UNIT,GD. UTAMA (SBY) - CBP,PO.2025.01.00088,,,
210,,PT MIDEA PLANET INDONESIA,RI.2025.01.00100,17/01/2025,,SURABAYA,,,MCD24CRN,MIDEA MCD-24CRN,,1,1,SET,GD. UTAMA (SBY) - CBP,PO.2025.01.00035,,,
211,,CV MIAMI ELECTRONIC,RI.2025.01.00105,17/01/2025,,SURABAYA,,,GWC0707CS,GREE GWC0707CS,,1,1,SET,GD. UTAMA (SBY) - CBP,PO.2025.01.00089,,,
212,,PT BERKAT ELEKTRIK SEJATI TANGGUH,RI.2025.01.00106,17/01/2025,,SURABAYA,,,BEST09QAR3,BESTLIFE BEST09QAR3,,5,5,SET,GD. UTAMA (SBY) - CBP,PO.2024.10.00160,,,
213,,PT BERKAT ELEKTRIK SEJATI TANGGUH,RI.2025.01.00106,17/01/2025,,SURABAYA,,,BEST18QAR3,BESTLIFE BEST18QAR3,,5,5,SET,GD. UTAMA (SBY) - CBP,PO.2024.10.00160,,,
214,,PT DAIKIN AIRCONDITIONING INDONESIA,RI.2025.01.00107,17/01/2025,,SURABAYA,,,,,,4,4,PCS,GD. UTAMA (SBY) - CBP,PO.2025.01.00096,,,
215,,PT JATIM WATKORAYA,RI.2025.01.00108,17/01/2025,,SURABAYA,,,ETERNA3X1.5MM,"ETERNA 3X1,5MM",,5,5,ROL100,GD. UTAMA (SBY) - CBP,PO.2025.01.00091,,,
216,,PT JATIM WATKORAYA,RI.2025.01.00108,17/01/2025,,SURABAYA,,,ETERNA3X1.5MM,"ETERNA 3X1,5MM",,1,1,ROL50,GD. UTAMA (SBY) - CBP,PO.2025.01.00091,,,
217,,PT HAIER SALES INDONESIA,RI.2025.01.00113,18/01/2025,,SURABAYA,,,AQAKCR19VSW,AQUA AQA-KCR19VSW,,2,2,SET,GD. UTAMA (SBY) - CBP,PO.2024.12.00136,,,
218,,CV BANDUNG GEMILANG SENTOSA,RI.2025.01.00111,18/01/2025,,SURABAYA,,,GWC09MOO5S,GREE GWC-09MOO5S,,29,29,SET,GD. UTAMA (SBY) - CBP,PO.2025.01.00094,,,
219,,CV BALLY AIRCOND,RI.2025.01.00112,18/01/2025,,BALI,,,GWC12N1A,GREE GWC-12N1A,,3,3,SET,GD. UTAMA (BALI) - CBP,PO.2025.01.00040,,,
220,,PT PANASONIC GOBEL INDONESIA,RI.2025.01.00114,18/01/2025,,SURABAYA,,,CSCULN5AKJ,PANASONIC CS/CU-LN5AKJ,,10,10,SET,GD. UTAMA (SBY) - CBP,PO.2025.01.00075,,,
221,,CV JAYA ARTHA SEJAHTERA,RI.2025.01.00115,20/01/2025,,SURABAYA,,,ZUTTO1PK,ZUTTO BRAKET 1 PK,,2500,2500,SET,GD. UTAMA (SBY) - CBP,PO.2024.10.00035,,,
222,,CV BANDUNG GEMILANG SENTOSA,RI.2025.01.00116,20/01/2025,,SURABAYA,,,GU140TAK,GREE GU140T/A-K,,2,2,SET,GD. UTAMA (SBY) - CBP,PO.2025.01.00071,,,
223,,CV JAYA ARTHA SEJAHTERA,RI.2025.01.00117,20/01/2025,,SURABAYA,,,ZUTTO1PK,ZUTTO BRAKET 1 PK,,560,560,SET,GD. UTAMA (SBY) - CBP,PO.2024.10.00035,,,
224,,PT PUCANGADI JAYA,RI.2025.01.00119,21/01/2025,,BALI,,,GWC09MOO5S,GREE GWC-09MOO5S,,15,15,SET,GD. UTAMA (BALI) - CBP,PO.2025.01.00099,,,
225,,PT HISENSE INTERNATIONAL INDONESIA,RI.2025.01.00120,21/01/2025,,SURABAYA,,,AN09CDG,HISENSE AN09CDG,,20,20,SET,GD. UTAMA (BALI) - CBP,PO.2025.01.00046,,,
226,,PT PANASONIC GOBEL INDONESIA,RI.2025.01.00121,21/01/2025,,SURABAYA,,,CSCUPN18AKJ,PANASONIC CS/CU-PN18AKJ,,10,10,SET,GD. UTAMA (SBY) - CBP,PO.2025.01.00100,,,
227,,PT DAIKIN AIRCONDITIONING INDONESIA,RI.2025.01.00122,21/01/2025,,SURABAYA,,,STC20NV,DAIKIN STC-20NV,,3,3,SET,GD. UTAMA (SBY) - CBP,PO.2025.01.00103,,,
228,,PT DAIKIN AIRCONDITIONING INDONESIA,RI.2025.01.00122,21/01/2025,,SURABAYA,,,STC35NV,DAIKIN STC-35NV,,8,8,SET,GD. UTAMA (SBY) - CBP,PO.2025.01.00103,,,
229,,PT DAIKIN AIRCONDITIONING INDONESIA,RI.2025.01.00122,21/01/2025,,SURABAYA,,,STC50XV,DAIKIN STC-50XV,,5,5,SET,GD. UTAMA (SBY) - CBP,PO.2025.01.00103,,,
230,,PT DAIKIN AIRCONDITIONING INDONESIA,RI.2025.01.00122,21/01/2025,,SURABAYA,,,STKQ25UV,DAIKIN STKQ-25UV,,3,3,SET,GD. UTAMA (SBY) - CBP,PO.2025.01.00103,,,
231,,PT DAIKIN AIRCONDITIONING INDONESIA,RI.2025.01.00122,21/01/2025,,SURABAYA,,,STV50CXV,DAIKIN STV-50CXV,,8,8,SET,GD. UTAMA (SBY) - CBP,PO.2025.01.00103,,,
232,,PT MIDEA PLANET INDONESIA,RI.2025.01.00123,21/01/2025,,SURABAYA,,,MSFC09CRN2X,MIDEA MSFC09CRN2X,,30,30,SET,GD. UTAMA (SBY) - CBP,PO.2025.01.00024,,,
233,,PT MIDEA PLANET INDONESIA,RI.2025.01.00124,21/01/2025,,SURABAYA,,,MSIAF05CRDN2X,MIDEA MSIAF05CRDN2X,,4,4,SET,GD. UTAMA (SBY) - CBP,PO.2025.01.00024,,,
234,,PT SARANA KENCANA MULYA,RI.2025.01.00118,21/01/2025,,SURABAYA,,,PAC09VZ,POLYTRON PAC09VZ,,2,2,SET,GD. UTAMA (SBY) - CBP,PO.2025.01.00105,,,
235,,PT MIDEA PLANET INDONESIA,RI.2025.01.00125,21/01/2025,,SURABAYA,,,MPHA05CRN7,MIDEA MPHA-05CRN7,,10,10,UNIT,GD. UTAMA (SBY) - CBP,PO.2025.01.00024,,,
236,,PT TRIMASTER JAYA ABADI,RI.2025.01.00126,21/01/2025,,SURABAYA,,,,,,25,25,SET,GD. UTAMA (SBY) - CBP,PO.2025.01.00072,,,
237,,CV BALLY AIRCOND,RI.2025.01.00129,22/01/2025,,BALI,,,GWC12N1A,GREE GWC-12N1A,,3,3,SET,GD. UTAMA (BALI) - CBP,PO.2025.01.00098,,,
238,,PT PUCANGADI JAYA,RI.2025.01.00128,22/01/2025,,BALI,,,GWC07MOO5S,GREE GWC-07MOO5S,,8,8,SET,GD. UTAMA (BALI) - CBP,PO.2025.01.00104,,,
239,,AINUR ROFIQ,RI.2025.01.00130,22/01/2025,,SURABAYA,,,MATERIAL-AC,MATERIAL AC,,1,1,LOT,GD. UTAMA (SBY) - CBP,PO.2025.01.00112,,,
240,,CV JAYA ARTHA SEJAHTERA,RI.2025.01.00131,22/01/2025,,SURABAYA,,,ZUTTO2.5PK,"ZUTTO BRAKET 2,5 PK",,1760,1760,SET,GD. UTAMA (SBY) - CBP,PO.2025.01.00076,,,
241,,PT SAMSUNG ELECTRONICS INDONESIA,RI.2025.01.00132,22/01/2025,,SURABAYA,,,AR05BGHQ,SAMSUNG AR05BGHQ,,5,5,SET,GD. UTAMA (SBY) - CBP,PO.2024.11.00196,,,
242,,PT SAMSUNG ELECTRONICS INDONESIA,RI.2025.01.00132,22/01/2025,,SURABAYA,,,AR09BGHQ,SAMSUNG AR09BGHQ,,5,5,SET,GD. UTAMA (SBY) - CBP,PO.2024.11.00196,,,
243,,PT SAMSUNG ELECTRONICS INDONESIA,RI.2025.01.00133,22/01/2025,,SURABAYA,,,AR13BYFAN,SAMSUNG AR13BYFAN,,2,2,SET,GD. UTAMA (SBY) - CBP,PO.2024.12.00091,,,
244,,PT SAMSUNG ELECTRONICS INDONESIA,RI.2025.01.00134,22/01/2025,,SURABAYA,,,,,,1,1,UNIT,GD. UTAMA (SBY) - CBP,PO.2025.01.00115,,,
245,,PT SAMSUNG ELECTRONICS INDONESIA,RI.2025.01.00134,22/01/2025,,SURABAYA,,,AR10CYFAA,SAMSUNG AR10CYFAA,,1,1,SET,GD. UTAMA (SBY) - CBP,PO.2025.01.00115,,,
246,,PT SARANA KENCANA MULYA,RI.2025.01.00127,22/01/2025,,SURABAYA,,,PSF2032,POLYTRON PSF2032,,1,1,SET,GD. UTAMA (SBY) - CBP,PO.2025.01.00109,,,
247,,PT TRIMASTER JAYA ABADI,RI.2025.01.00135,22/01/2025,,SURABAYA,,,GEVER1438,"GEVER INVERTER 1/4-3/8""",,10,10,ROL30,GD. UTAMA (SBY) - CBP,PO.2025.01.00114,,,
248,,PT CHANGHONG MEILING ELECTRIC INDONESIA,RI.2025.01.00143,23/01/2025,,SURABAYA,,,CSC05RDX4,CHANGHONG CSC-05RDX4,,10,10,SET,GD. UTAMA (SBY) - CBP,PO.2025.01.00120,,,
249,,CV BANDUNG GEMILANG SENTOSA,RI.2025.01.00137,23/01/2025,,MADIUN,,,GVC48STSSECO,GREE GVC-48STS(S)ECO,,3,3,SET,GD. UTAMA (MDN) - CBP,PO.2025.01.00102,,,
250,,PT DAIKIN AIRCONDITIONING INDONESIA,RI.2025.01.00136,23/01/2025,,BALI,,,STKQ25UV,DAIKIN STKQ-25UV,,4,4,SET,GD. UTAMA (BALI) - CBP,PO.2025.01.00097,,,
251,,PT DAIKIN AIRCONDITIONING INDONESIA,RI.2025.01.00136,23/01/2025,,BALI,,,STKQ35UV,DAIKIN STKQ-35UV,,2,2,SET,GD. UTAMA (BALI) - CBP,PO.2025.01.00097,,,
252,,PT DAIKIN AIRCONDITIONING INDONESIA,RI.2025.01.00136,23/01/2025,,BALI,,,STV60CXV,DAIKIN STV-60CXV,,5,5,SET,GD. UTAMA (BALI) - CBP,PO.2025.01.00097,,,
253,,CV JAYA ARTHA SEJAHTERA,RI.2025.01.00138,23/01/2025,,SURABAYA,,,ZUTTO2.5PK,"ZUTTO BRAKET 2,5 PK",,300,300,SET,GD. UTAMA (SBY) - CBP,PO.2025.01.00076,,,
254,,PT FLIFE TECHNOLOGIES INDONESIA,RI.2025.01.00139,23/01/2025,,SURABAYA,,,FAC05FC00,FLIFE FAC-05FC00,,7,7,SET,GD. UTAMA (SBY) - CBP,PO.2025.01.00108,,,
255,,PT FLIFE TECHNOLOGIES INDONESIA,RI.2025.01.00139,23/01/2025,,SURABAYA,,,FAC09FC00,FLIFE FAC-09FC00,,3,3,SET,GD. UTAMA (SBY) - CBP,PO.2025.01.00108,,,
256,,CV MIAMI ELECTRONIC,RI.2025.01.00140,23/01/2025,,SURABAYA,,,GWC12N1A,GREE GWC-12N1A,,10,10,SET,GD. UTAMA (SBY) - CBP,PO.2025.01.00113,,,
257,,CV MIAMI ELECTRONIC,RI.2025.01.00140,23/01/2025,,SURABAYA,,,GWC18N1A,GREE GWC-18N1A,,15,15,SET,GD. UTAMA (SBY) - CBP,PO.2025.01.00113,,,
258,,PT AKARI INDONESIA,RI.2025.01.00141,23/01/2025,,SURABAYA,,,A05TC88NLW,AKARI A05TC88NLW,,15,15,SET,GD. UTAMA (SBY) - CBP,PO.2025.01.00111,,,
259,,CV BALLY AIRCOND,RI.2025.01.00142,23/01/2025,,BALI,,,GWC12N1A,GREE GWC-12N1A,,12,12,SET,GD. UTAMA (BALI) - CBP,PO.2025.01.00098,,,
260,,PT SARANA KENCANA MULYA,RI.2025.01.00147,23/01/2025,,SURABAYA,,,PSF2032,POLYTRON PSF2032,,10,10,SET,GD. UTAMA (SBY) - CBP,PO.2025.01.00163,,,
261,,PT MEGAH PERTAMA INDAH,RI.2025.01.00144,24/01/2025,,SURABAYA,,,,,,1,1,SET,GD. UTAMA (SBY) - CBP,PO.2025.01.00124,,,
262,,CV BANDUNG GEMILANG SENTOSA,RI.2025.01.00145,24/01/2025,,SURABAYA,,,GU140TAK,GREE GU140T/A-K,,2,2,SET,GD. UTAMA (SBY) - CBP,PO.2025.01.00110,,,
263,,PT MIDEA PLANET INDONESIA,RI.2025.01.00148,24/01/2025,,SURABAYA,,,MPHA05CRN7,MIDEA MPHA-05CRN7,,10,10,UNIT,GD. UTAMA (SBY) - CBP,PO.2025.01.00116,,,
264,,PT MIDEA PLANET INDONESIA,RI.2025.01.00149,24/01/2025,,SURABAYA,,,MSFC05CRN2X,MIDEA MSFC05CRN2X,,30,30,SET,GD. UTAMA (SBY) - CBP,PO.2025.01.00024,,,
265,,PT SAMSUNG ELECTRONICS INDONESIA,RI.2025.01.00154,24/01/2025,,SURABAYA,,,AR13BYFAN,SAMSUNG AR13BYFAN,,2,2,SET,GD. UTAMA (BALI) - CBP,PO.2024.12.00091,,,
266,,PT MIDEA PLANET INDONESIA,RI.2025.01.00150,24/01/2025,,SURABAYA,,,MSAF07CRN2,MIDEA MSAF07CRN2,,5,5,SET,GD. UTAMA (SBY) - CBP,PO.2025.01.00028,,,
267,,PT MIDEA PLANET INDONESIA,RI.2025.01.00151,24/01/2025,,SURABAYA,,,MPHA09CRN7,MIDEA MPHA-09CRN7,,5,5,UNIT,GD. UTAMA (SBY) - CBP,PO.2025.01.00024,,,
268,,PT SAMSUNG ELECTRONICS INDONESIA,RI.2025.01.00153,24/01/2025,,SURABAYA,,,AR12BGHQ,SAMSUNG AR12BGHQ,,5,5,SET,GD. UTAMA (BALI) - CBP,PO.2024.11.00196,,,
269,,PT SAMSUNG ELECTRONICS INDONESIA,RI.2025.01.00162,24/01/2025,,SURABAYA,,,AR05BGHQ,SAMSUNG AR05BGHQ,,13,13,SET,GD. UTAMA (BALI) - CBP,PO.2024.11.00196,,,
270,,PT SAMSUNG ELECTRONICS INDONESIA,RI.2025.01.00162,24/01/2025,,SURABAYA,,,AR09BGHQ,SAMSUNG AR09BGHQ,,5,5,SET,GD. UTAMA (BALI) - CBP,PO.2024.11.00196,,,
271,,CV MIAMI ELECTRONIC,RI.2025.01.00158,24/01/2025,,SURABAYA,,,FM12512K,GREE FM-1.25-12-K,,3,3,UNIT,GD. UTAMA (SBY) - CBP,PO.2025.01.00117,,,
272,,PT PANASONIC GOBEL INDONESIA,RI.2025.01.00161,24/01/2025,,SURABAYA,,,CSCUYN5AKJ,PANASONIC CS/CU-YN5AKJ,,90,90,SET,GD. UTAMA (SBY) - CBP,PO.2025.01.00047,,,
273,,PT PANASONIC GOBEL INDONESIA,RI.2025.01.00161,24/01/2025,,SURABAYA,,,CSCUYN7AKJ,PANASONIC CS/CU-YN7AKJ,,30,30,SET,GD. UTAMA (SBY) - CBP,PO.2025.01.00047,,,
274,,PT PANASONIC GOBEL INDONESIA,RI.2025.01.00161,24/01/2025,,SURABAYA,,,CSCUYN9AKJ,PANASONIC CS/CU-YN9AKJ,,130,130,SET,GD. UTAMA (SBY) - CBP,PO.2025.01.00047,,,
275,,PT DAIKIN AIRCONDITIONING INDONESIA,RI.2025.01.00155,24/01/2025,,SURABAYA,,,STV15CXV,DAIKIN STV-15CXV,,2,2,SET,GD. UTAMA (SBY) - CBP,PO.2025.01.00118,,,
276,,PT DAIKIN AIRCONDITIONING INDONESIA,RI.2025.01.00155,24/01/2025,,SURABAYA,,,STV35CXV,DAIKIN STV-35CXV,,7,7,SET,GD. UTAMA (SBY) - CBP,PO.2025.01.00118,,,
277,,PT DAIKIN AIRCONDITIONING INDONESIA,RI.2025.01.00155,24/01/2025,,SURABAYA,,,STC20NV,DAIKIN STC-20NV,,3,3,SET,GD. UTAMA (SBY) - CBP,PO.2025.01.00118,,,
278,,PT DAIKIN AIRCONDITIONING INDONESIA,RI.2025.01.00155,24/01/2025,,SURABAYA,,,STC35NV,DAIKIN STC-35NV,,10,10,SET,GD. UTAMA (SBY) - CBP,PO.2025.01.00118,,,
279,,PT DAIKIN AIRCONDITIONING INDONESIA,RI.2025.01.00155,24/01/2025,,SURABAYA,,,STC50XV,DAIKIN STC-50XV,,10,10,SET,GD. UTAMA (SBY) - CBP,PO.2025.01.00118,,,
280,,PT DAIKIN AIRCONDITIONING INDONESIA,RI.2025.01.00155,24/01/2025,,SURABAYA,,,STC25NV,DAIKIN STC-25NV,,5,5,SET,GD. UTAMA (SBY) - CBP,PO.2025.01.00118,,,
281,,PT SARANA KENCANA MULYA,RI.2025.01.00146,24/01/2025,,SURABAYA,,,PSF2032,POLYTRON PSF2032,,1,1,SET,GD. UTAMA (SBY) - CBP,PO.2025.01.00109,,,
282,,PT PUCANGADI JAYA,RI.2025.01.00160,24/01/2025,,BALI,,,GWC05MOO5S,GREE GWC-05MOO5S,,10,10,SET,GD. UTAMA (BALI) - CBP,PO.2025.01.00119,,,
283,,CV ALLEND,RI.2025.01.00190,24/01/2025,,BALI,,,,,,1,1,SET,GD. UTAMA (BALI) - CBP,PO.2025.01.00153,,,
284,,CV ALLEND,RI.2025.01.00190,24/01/2025,,BALI,,,JASAPEMASANGAN,JASA PEMASANGAN,,1,1,LOT,,PO.2025.01.00153,,,
285,,CV ALLEND,RI.2025.01.00196,24/01/2025,,BALI,,,,,,1,1,SET,GD. UTAMA (BALI) - CBP,PO.2025.01.00152,,,
286,,CV ALLEND,RI.2025.01.00196,24/01/2025,,BALI,,,JASAPEMASANGAN,JASA PEMASANGAN,,1,1,LOT,,PO.2025.01.00152,,,
287,,CV ALLEND,RI.2025.01.00197,24/01/2025,,BALI,,,,,,1,1,SET,GD. UTAMA (BALI) - CBP,PO.2025.01.00154,,,
288,,PT SHARP ELECTRONICS INDONESIA,RI.2025.01.00156,24/01/2025,,BALI,,,AHA18ZCY,SHARP AH-A18ZCY,,5,5,SET,GD. UTAMA (BALI) - CBP,PO.2025.01.00082,,,
289,,PT SHARP ELECTRONICS INDONESIA,RI.2025.01.00157,24/01/2025,,BALI,,,AHAP5BMY,SHARP AH-AP5BMY,,5,5,SET,GD. UTAMA (BALI) - CBP,PO.2025.01.00107,,,
290,,PT SHARP ELECTRONICS INDONESIA,RI.2025.01.00157,24/01/2025,,BALI,,,AHAP9BMY,SHARP AH-AP9BMY,,5,5,SET,GD. UTAMA (BALI) - CBP,PO.2025.01.00107,,,
291,,CV ALLEND,RI.2025.01.00211,24/01/2025,,BALI,,,,,,1,1,SET,GD. UTAMA (BALI) - CBP,PO.2025.02.00092,,,
292,,CV ALLEND,RI.2025.01.00211,24/01/2025,,BALI,,,JASAPEMASANGAN,JASA PEMASANGAN,,1,1,LOT,,PO.2025.02.00092,,,
293,,PT SARANA KENCANA MULYA,RI.2025.01.00159,24/01/2025,,SURABAYA,,,PAC05VH,POLYTRON PAC05VH,,40,40,SET,GD. UTAMA (MDN) - CBP,PO.2025.01.00019,,,
294,,PT SARANA KENCANA MULYA,RI.2025.01.00152,24/01/2025,,BALI,,,PAC09VZI,POLYTRON PAC09VZI,,5,5,SET,GD. UTAMA (BALI) - CBP,PO.2025.01.00126,,,
295,,PT SARANA KENCANA MULYA,RI.2025.01.00152,24/01/2025,,SURABAYA,,,PAC09VH,POLYTRON PAC09VH,,20,20,SET,GD. UTAMA (BALI) - CBP,PO.2025.01.00019,,,
296,,PT SARANA KENCANA MULYA,RI.2025.01.00201,24/01/2025,,BALI,,,PAC18VZ,POLYTRON PAC18VZ,,5,5,SET,GD. UTAMA (BALI) - CBP,PO.2025.01.00126,,,
297,,PT CHANGHONG MEILING ELECTRIC INDONESIA,RI.2025.01.00163,25/01/2025,,SURABAYA,,,CSC05RDX4,CHANGHONG CSC-05RDX4,,6,6,SET,GD. UTAMA (SBY) - CBP,PO.2025.01.00120,,,
298,,PT LG ELECTRONICS INDONESIA,RI.2025.01.00164,25/01/2025,,SURABAYA,,,T12EV5,LG T12EV5,,7,7,SET,GD. UTAMA (SBY) - CBP,PO.2025.01.00032,,,
299,,PT PANASONIC GOBEL INDONESIA,RI.2025.01.00165,25/01/2025,,SURABAYA,,,CSCUZN5YKP,PANASONIC CS/CU-ZN5YKP,,100,100,SET,GD. UTAMA (SBY) - CBP,PO.2024.12.00081,,,
300,,PT TRIMASTER JAYA ABADI,RI.2025.01.00166,25/01/2025,,SURABAYA,,,GWC18F5S,GREE GWC-18F5S,,1,1,SET,GD. UTAMA (SBY) - CBP,PO.2025.01.00129,,,
301,,PT TRIMASTER JAYA ABADI,RI.2025.01.00166,25/01/2025,,SURABAYA,,,GWC07MOO5S,GREE GWC-07MOO5S,,5,5,SET,GD. UTAMA (SBY) - CBP,PO.2025.01.00129,,,
302,,PT TRIMASTER JAYA ABADI,RI.2025.01.00166,25/01/2025,,SURABAYA,,,GWC12F5S,GREE GWC-12F5S,,1,1,SET,GD. UTAMA (SBY) - CBP,PO.2025.01.00129,,,
303,,PT SHARP ELECTRONICS INDONESIA,RI.2025.01.00167,25/01/2025,,SURABAYA,,,AHA18ZCY,SHARP AH-A18ZCY,,10,10,SET,GD. UTAMA (SBY) - CBP,PO.2025.01.00127,,,
304,,PT SHARP ELECTRONICS INDONESIA,RI.2025.01.00168,25/01/2025,,SURABAYA,,,AHA18ZCY,SHARP AH-A18ZCY,,10,10,SET,GD. UTAMA (SBY) - CBP,PO.2025.01.00127,,,
305,,PT PUCANGADI JAYA,RI.2025.01.00169,25/01/2025,,BALI,,,GWC05MOO5S,GREE GWC-05MOO5S,,5,5,SET,GD. UTAMA (BALI) - CBP,PO.2025.01.00119,,,
306,,CV JAYA ARTHA SEJAHTERA,RI.2025.01.00170,28/01/2025,,SURABAYA,,,ZUTTO1PK,ZUTTO BRAKET 1 PK,,2600,2600,SET,GD. UTAMA (SBY) - CBP,PO.2025.01.00076,,,
307,,PT SAMSUNG ELECTRONICS INDONESIA,RI.2025.01.00171,28/01/2025,,BALI,,,AC071TN4PKC/EA,SAMSUNG AC071TN4PKC/EA,,1,1,SET,GD. UTAMA (BALI) - CBP,PO.2025.01.00121,,,
308,,CV JAYA ARTHA SEJAHTERA,RI.2025.01.00172,28/01/2025,,SURABAYA,,,ZUTTO1PK,ZUTTO BRAKET 1 PK,,2440,2440,SET,GD. UTAMA (SBY) - CBP,PO.2025.01.00076,,,
309,,PT SHARP ELECTRONICS INDONESIA,RI.2025.01.00173,28/01/2025,,SURABAYA,,,AHAP9BMY,SHARP AH-AP9BMY,,5,5,SET,GD. UTAMA (SBY) - CBP,PO.2025.01.00133,,,
310,,PT SHARP ELECTRONICS INDONESIA,RI.2025.01.00173,28/01/2025,,SURABAYA,,,AHX18ZY,SHARP AH-X18ZY,,8,8,SET,GD. UTAMA (SBY) - CBP,PO.2025.01.00133,,,
311,,PT SHARP ELECTRONICS INDONESIA,RI.2025.01.00173,28/01/2025,,SURABAYA,,,AHAP7BMY,SHARP AH-AP7BMY,,5,5,SET,GD. UTAMA (SBY) - CBP,PO.2025.01.00133,,,
312,,CV BANDUNG GEMILANG SENTOSA,RI.2025.01.00174,30/01/2025,,SURABAYA,,,GWC07MOO5S,GREE GWC-07MOO5S,,3,3,SET,GD. UTAMA (SBY) - CBP,PO.2025.01.00122,,,
313,,CV BANDUNG GEMILANG SENTOSA,RI.2025.01.00174,30/01/2025,,SURABAYA,,,GWC18N1A,GREE GWC-18N1A,,14,14,SET,GD. UTAMA (SBY) - CBP,PO.2025.01.00122,,,
314,,CV BANDUNG GEMILANG SENTOSA,RI.2025.01.00174,30/01/2025,,SURABAYA,,,GU140TAK,GREE GU140T/A-K,,1,1,SET,GD. UTAMA (SBY) - CBP,PO.2025.01.00122,,,
315,,PT CATURAGA TIARA PERSADA,RI.2025.01.00175,30/01/2025,,SURABAYA,,,CW0501RA,REIWA CW-0501RA,,30,30,UNIT,GD. UTAMA (SBY) - CBP,PO.2025.01.00009,,,
316,,CV BALLY AIRCOND,RI.2025.01.00176,30/01/2025,,BALI,,,,,,10,10,SET,GD. UTAMA (BALI) - CBP,PO.2025.01.00135,,,
317,,CV BALLY AIRCOND,RI.2025.01.00176,30/01/2025,,BALI,,,GWC18N1A,GREE GWC-18N1A,,5,5,SET,GD. UTAMA (BALI) - CBP,PO.2025.01.00135,,,
318,,PT JATIM WATKORAYA,RI.2025.01.00178,30/01/2025,,BALI,,,ETERNA3X2.5MM,"ETERNA 3X2,5MM",,3,3,ROL100,GD. UTAMA (BALI) - CBP,PO.2025.01.00136,,,
319,,PT SHARP ELECTRONICS INDONESIA,RI.2025.01.00177,30/01/2025,,BALI,,,PB40509,"SHARP 1/4""-3/8"" (0,50-0,60)",,1,1,ROL20,GD. UTAMA (BALI) - CBP,PO.2024.10.00178,,,
320,,PT SHARP ELECTRONICS INDONESIA,RI.2025.01.00177,30/01/2025,,BALI,,,PB40509,"SHARP 1/4""-3/8"" (0,50-0,60)",,1,1,ROL20,GD. UTAMA (BALI) - CBP,PO.2024.12.00001,,,
321,,PT SHARP ELECTRONICS INDONESIA,RI.2025.01.00177,30/01/2025,,BALI,,,PB40509,"SHARP 1/4""-3/8"" (0,50-0,60)",,1,1,ROL20,GD. UTAMA (BALI) - CBP,PO.2024.12.00126,,,
322,,PT BERKAT ELEKTRIK SEJATI TANGGUH,RI.2025.01.00179,30/01/2025,,BALI,,,,,,1,1,SET,GD. UTAMA (BALI) - CBP,PO.2025.01.00106,,,
323,,AINUR ROFIQ,RI.2025.01.00180,30/01/2025,,SURABAYA,,,,,,1,1,SET,GD. UTAMA (SBY) - CBP,PO.2025.01.00145,,,
324,,PT PUCANGADI JAYA,RI.2025.01.00182,30/01/2025,,BALI,,,GWC05MOO5S,GREE GWC-05MOO5S,,5,5,SET,GD. UTAMA (BALI) - CBP,PO.2025.01.00119,,,
325,,PT SHARP ELECTRONICS INDONESIA,RI.2025.01.00183,30/01/2025,,SURABAYA,,,AHA5BEY,SHARP AH-A5BEY,,50,50,SET,GD. UTAMA (SBY) - CBP,PO.2025.01.00133,,,
326,,PT SHARP ELECTRONICS INDONESIA,RI.2025.01.00183,30/01/2025,,SURABAYA,,,AHA7BEY,SHARP AH-A7BEY,,5,5,SET,GD. UTAMA (SBY) - CBP,PO.2025.01.00133,,,
327,,PT SHARP ELECTRONICS INDONESIA,RI.2025.01.00183,30/01/2025,,SURABAYA,,,AHA9BEY,SHARP AH-A9BEY,,45,45,SET,GD. UTAMA (SBY) - CBP,PO.2025.01.00133,,,
328,,PT SHARP ELECTRONICS INDONESIA,RI.2025.01.00184,30/01/2025,,SURABAYA,,,AHA9BEY,SHARP AH-A9BEY,,10,10,SET,GD. UTAMA (SBY) - CBP,PO.2025.01.00133,,,
329,,PT PANASONIC GOBEL INDONESIA,RI.2025.01.00185,30/01/2025,,SURABAYA,,,CSCUPN18AKJ,PANASONIC CS/CU-PN18AKJ,,1,1,SET,GD. UTAMA (SBY) - CBP,PO.2025.01.00134,,,
330,,PT PANASONIC GOBEL INDONESIA,RI.2025.01.00185,30/01/2025,,SURABAYA,,,CSCURU12AKJ,PANASONIC CS/CU-RU12AKJ,,1,1,SET,GD. UTAMA (SBY) - CBP,PO.2025.01.00134,,,
331,,PT PANASONIC GOBEL INDONESIA,RI.2025.01.00185,30/01/2025,,SURABAYA,,,,,,1,1,SET,GD. UTAMA (SBY) - CBP,PO.2025.01.00134,,,
332,,PT AKARI INDONESIA,RI.2025.01.00186,30/01/2025,,SURABAYA,,,A09TC88NLW,AKARI A09TC88NLW,,5,5,SET,GD. UTAMA (SBY) - CBP,PO.2025.01.00111,,,
333,,PT AKARI INDONESIA,RI.2025.01.00186,30/01/2025,,SURABAYA,,,A05TC88NLW,AKARI A05TC88NLW,,5,5,SET,GD. UTAMA (SBY) - CBP,PO.2025.01.00111,,,
334,,PT AKARI INDONESIA,RI.2025.01.00187,30/01/2025,,SURABAYA,,,A05TC88NLW,AKARI A05TC88NLW,,2,2,SET,GD. UTAMA (SBY) - CBP,PO.2025.01.00132,,,
335,,PT AKARI INDONESIA,RI.2025.01.00187,30/01/2025,,SURABAYA,,,A09TC88NLW,AKARI A09TC88NLW,,1,1,SET,GD. UTAMA (SBY) - CBP,PO.2025.01.00132,,,
336,,PT SARANA KENCANA MULYA,RI.2025.01.00189,31/01/2025,,MADIUN,,,PCT5032,POLYTRON PCT5032,,2,2,SET,GD. UTAMA (MDN) - CBP,PO.2025.01.00125,,,
337,,PT LG ELECTRONICS INDONESIA,RI.2025.01.00191,31/01/2025,,SURABAYA,,,H05TN4SCAX,LG H05TN4.SCAX,,30,30,SET,GD. UTAMA (SBY) - CBP,PO.2025.01.00032,,,
338,,PT LG ELECTRONICS INDONESIA,RI.2025.01.00192,31/01/2025,,SURABAYA,,,H09TN4SCAX,LG H09TN4.SCAX,,15,15,SET,GD. UTAMA (SBY) - CBP,PO.2025.01.00032,,,
339,,CV BALLY AIRCOND,RI.2025.01.00193,31/01/2025,,BALI,,,,,,5,5,SET,GD. UTAMA (BALI) - CBP,PO.2025.01.00135,,,
340,,CV BALLY AIRCOND,RI.2025.01.00193,31/01/2025,,BALI,,,GWC18N1A,GREE GWC-18N1A,,5,5,SET,GD. UTAMA (BALI) - CBP,PO.2025.01.00135,,,
341,,PT LG ELECTRONICS INDONESIA,RI.2025.01.00194,31/01/2025,,SURABAYA,,,T18EV5,LG T18EV5,,10,10,SET,GD. UTAMA (SBY) - CBP,PO.2025.01.00032,,,
342,,PT LG ELECTRONICS INDONESIA,RI.2025.01.00195,31/01/2025,,SURABAYA,,,H07TN4SCAX,LG H07TN4.SCAX,,10,10,SET,GD. UTAMA (SBY) - CBP,PO.2025.01.00007,,,
343,,PT MIDEA PLANET INDONESIA,RI.2025.01.00198,31/01/2025,,SURABAYA,,,MSIAF09CRDN2X,MIDEA MSIAF09CRDN2X,,2,2,SET,GD. UTAMA (SBY) - CBP,PO.2025.01.00116,,,
344,,PT MIDEA PLANET INDONESIA,RI.2025.01.00199,31/01/2025,,SURABAYA,,,MSFC05CRN2X,MIDEA MSFC05CRN2X,,10,10,SET,GD. UTAMA (SBY) - CBP,PO.2025.01.00024,,,
345,,PT MIDEA PLANET INDONESIA,RI.2025.01.00199,31/01/2025,,SURABAYA,,,MSFC09CRN2X,MIDEA MSFC09CRN2X,,5,5,SET,GD. UTAMA (SBY) - CBP,PO.2025.01.00024,,,
346,,PT TRIMASTER JAYA ABADI,RI.2025.01.00188,31/01/2025,,SURABAYA,,,GEVER1438,"GEVER INVERTER 1/4-3/8""",,5,5,ROL30,GD. UTAMA (SBY) - CBP,PO.2025.01.00146,,,
347,,PT TRIMASTER JAYA ABADI,RI.2025.01.00200,31/01/2025,,SURABAYA,,,TAC05CSDXS,TCL TAC05CSD/XS,,5,5,SET,GD. UTAMA (SBY) - CBP,PO.2025.01.00141,,,
348,,PT CHANGHONG MEILING ELECTRIC INDONESIA,RI.2025.01.00202,31/01/2025,,SURABAYA,,,CSC18NVB3,CHANGHONG CSC-18NVB3,,5,5,SET,GD. UTAMA (SBY) - CBP,PO.2025.01.00006,,,
349,,PT DAIKIN AIRCONDITIONING INDONESIA,RI.2025.01.00203,31/01/2025,,SURABAYA,,,SVC85AYL,DAIKIN SVC85AYL,,1,1,SET,GD. UTAMA (SBY) - CBP,PO.2025.01.00138,,,
350,,CV MULTI GUNA SELARAS,RI.2025.01.00204,31/01/2025,,SURABAYA,,,SRK05CR,MITSUBISHI HEAVY INDUSTRIES SRK05CR,,1,1,SET,GD. UTAMA (SBY) - CBP,PO.2025.01.00151,,,
351,,CV MULTI GUNA SELARAS,RI.2025.01.00204,31/01/2025,,SURABAYA,,,SRK12CT,MITSUBISHI HEAVY INDUSTRIES SRK12CT,,3,3,SET,GD. UTAMA (SBY) - CBP,PO.2025.01.00151,,,
352,,CV MULTI GUNA SELARAS,RI.2025.01.00204,31/01/2025,,SURABAYA,,,SRK18CS,MITSUBISHI HEAVY INDUSTRIES SRK18CS,,2,2,SET,GD. UTAMA (SBY) - CBP,PO.2025.01.00151,,,
353,,PT SARANA KENCANA MULYA,RI.2025.01.00205,31/01/2025,,SURABAYA,,,PAC05VH,POLYTRON PAC05VH,,50,50,SET,GD. UTAMA (SBY) - CBP,PO.2025.01.00019,,,
354,,PT DAIKIN AIRCONDITIONING INDONESIA,RI.2025.01.00206,31/01/2025,,SURABAYA,,,STC35NV,DAIKIN STC-35NV,,5,5,SET,GD. UTAMA (SBY) - CBP,PO.2025.01.00142,,,
355,,PT DAIKIN AIRCONDITIONING INDONESIA,RI.2025.01.00206,31/01/2025,,SURABAYA,,,STC50XV,DAIKIN STC-50XV,,7,7,SET,GD. UTAMA (SBY) - CBP,PO.2025.01.00142,,,
356,,PT DAIKIN AIRCONDITIONING INDONESIA,RI.2025.01.00206,31/01/2025,,SURABAYA,,,STC15NV,DAIKIN STC-15NV,,15,15,SET,GD. UTAMA (SBY) - CBP,PO.2025.01.00142,,,
357,,PT DAIKIN AIRCONDITIONING INDONESIA,RI.2025.01.00206,31/01/2025,,SURABAYA,,,STC20NV,DAIKIN STC-20NV,,5,5,SET,GD. UTAMA (SBY) - CBP,PO.2025.01.00142,,,
358,,PT DAIKIN AIRCONDITIONING INDONESIA,RI.2025.01.00206,31/01/2025,,SURABAYA,,,STKQ15UV,DAIKIN STKQ-15UV,,3,3,SET,GD. UTAMA (SBY) - CBP,PO.2025.01.00142,,,
359,,PT DAIKIN AIRCONDITIONING INDONESIA,RI.2025.01.00206,31/01/2025,,SURABAYA,,,STKQ25UV,DAIKIN STKQ-25UV,,3,3,SET,GD. UTAMA (SBY) - CBP,PO.2025.01.00142,,,
360,,PT DAIKIN AIRCONDITIONING INDONESIA,RI.2025.01.00206,31/01/2025,,SURABAYA,,,STKQ20UV,DAIKIN STKQ-20UV,,2,2,SET,GD. UTAMA (SBY) - CBP,PO.2025.01.00142,,,
361,,PT DAIKIN AIRCONDITIONING INDONESIA,RI.2025.01.00206,31/01/2025,,SURABAYA,,,STV35CXV,DAIKIN STV-35CXV,,2,2,SET,GD. UTAMA (SBY) - CBP,PO.2025.01.00142,,,
362,,PT SARANA KENCANA MULYA,RI.2025.01.00207,31/01/2025,,SURABAYA,,,PAC05VZI,POLYTRON PAC05VZI,,11,11,SET,GD. UTAMA (SBY) - CBP,PO.2025.01.00148,,,
363,,PT SARANA KENCANA MULYA,RI.2025.01.00207,31/01/2025,,SURABAYA,,,PAC05VZSI,POLYTRON PAC05VZSI,,11,11,SET,GD. UTAMA (SBY) - CBP,PO.2025.01.00148,,,
364,,PT SARANA KENCANA MULYA,RI.2025.01.00207,31/01/2025,,SURABAYA,,,PAC09VZI,POLYTRON PAC09VZI,,5,5,SET,GD. UTAMA (SBY) - CBP,PO.2025.01.00148,,,
365,,PT SARANA KENCANA MULYA,RI.2025.01.00207,31/01/2025,,SURABAYA,,,PAC09VZSI,POLYTRON PAC09VZSI,,3,3,SET,GD. UTAMA (SBY) - CBP,PO.2025.01.00148,,,
366,,PT PANASONIC GOBEL INDONESIA,RI.2025.01.00208,31/01/2025,,SURABAYA,,,CSCUZN5YKP,PANASONIC CS/CU-ZN5YKP,,50,50,SET,,PO.2025.01.00090,,,
367,,PT PANASONIC GOBEL INDONESIA,RI.2025.01.00208,31/01/2025,,SURABAYA,,,CSCUZN7YKP,PANASONIC CS/CU-ZN7YKP,,50,50,SET,,PO.2025.01.00090,,,
368,,PT PANASONIC GOBEL INDONESIA,RI.2025.01.00208,31/01/2025,,SURABAYA,,,CSCUZN9YKP,PANASONIC CS/CU-ZN9YKP,,50,50,SET,,PO.2025.01.00090,,,
