,Terms and Conditions,Supplier,Date,Branch,Currency,Exchange Rate,Price List,Payment Terms,Template,Item Code (Items),Item Name (Items),Quantity (Items),Rate (Company Currency) (Items),Required By (Items),UOM (Items),Target Warehouse (Items),Account Head (Purchase Taxes and Charges),Add or Deduct (Purchase Taxes and Charges),Consider Tax or Charge for (Purchase Taxes and Charges),Description (Purchase Taxes and Charges),Type (Purchase Taxes and Charges),Is this Tax included in Basic Rate? (Purchase Taxes and Charges),Tax Rate (Purchase Taxes and Charges
0,PO.2025.01.00129,PT TRIMASTER JAYA ABADI,24/01/2025,SURABAYA,IDR,,,NET 30,,GWC07MOO5S,GREE GWC-07MOO5S,5,3309870,,SET,GD. UTAMA (SBY) - CBP,,,,,,,
1,PO.2025.01.00129,PT TRIMASTER JAYA ABADI,24/01/2025,SURABAYA,IDR,,,NET 30,,GWC12F5S,GREE GWC-12F5S,1,5162370,,SET,GD. UTAMA (SBY) - CBP,,,,,,,
2,PO.2025.01.00129,PT TRIMASTER JAYA ABADI,24/01/2025,SURABAYA,IDR,,,NET 30,,GWC18F5S,GREE GWC-18F5S,1,7253070,,SET,GD. UTAMA (SBY) - CBP,,,,,,,
3,PO.2025.01.00127,PT SHARP ELECTRONICS INDONESIA,24/01/2025,SURABAYA,IDR,,,NET 21,,AHA18ZCY,SHARP AH-A18ZCY,20,5294000,,SET,GD. UTAMA (SBY) - CBP,,,,,,,
4,PO.2025.01.00122,CV BANDUNG GEMILANG SENTOSA,23/01/2025,SURABAYA,IDR,,,CBD,,GWC07MOO5S,GREE GWC-07MOO5S,3,3274280,,SET,GD. UTAMA (SBY) - CBP,,,,,,,
5,PO.2025.01.00008,PT DAIKIN AIRCONDITIONING INDONESIA,03/01/2025,SURABAYA,IDR,,,CBD,,STC25NV,DAIKIN STC-25NV,10,3940090,,SET,GD. UTAMA (SBY) - CBP,,,,,,,
6,PO.2025.01.00133,PT SHARP ELECTRONICS INDONESIA,28/01/2025,SURABAYA,IDR,,,NET 21,,AHA5BEY,SHARP AH-A5BEY,145,2716170,,SET,GD. UTAMA (SBY) - CBP,,,,,,,
7,PO.2025.01.00136,PT JATIM WATKORAYA,28/01/2025,BALI,IDR,,,CBD,,ETERNA3X2.5MM,"ETERNA 3X2,5MM",3,1548186,,MTR,GD. UTAMA (BALI) - CBP,,,,,,,
8,PO.2025.01.00138,PT DAIKIN AIRCONDITIONING INDONESIA,24/01/2025,SURABAYA,IDR,,,CBD,,SVC85AYL,DAIKIN SVC85AYL,1,17715600,,SET,GD. UTAMA (SBY) - CBP,,,,,,,
9,PO.2025.01.00135,CV BALLY AIRCOND,28/01/2025,BALI,IDR,,,CBD,,,,15,3571050,,SET,GD. UTAMA (BALI) - CBP,,,,,,,
10,PO.2025.01.00135,CV BALLY AIRCOND,28/01/2025,BALI,IDR,,,CBD,,GWC18N1A,GREE GWC-18N1A,10,6174050,,SET,GD. UTAMA (BALI) - CBP,,,,,,,
11,PO.2025.01.00009,PT CATURAGA TIARA PERSADA,03/01/2025,SURABAYA,IDR,,,NET 30,,CW0501RA,REIWA CW-0501RA,100,1799900,,UNIT,GD. UTAMA (SBY) - CBP,,,,,,,
12,PO.2025.01.00017,PT DAIKIN AIRCONDITIONING INDONESIA,06/01/2025,SURABAYA,IDR,,,CBD,,SVC85AYL,DAIKIN SVC85AYL,1,17715600,,SET,GD. UTAMA (SBY) - CBP,,,,,,,
13,PO.2025.01.00022,PT DAIKIN AIRCONDITIONING INDONESIA,06/01/2025,BALI,IDR,,,CBD,,STC35NV,DAIKIN STC-35NV,7,4889710,,SET,GD. UTAMA (BALI) - CBP,,,,,,,
14,PO.2025.01.00010,PT AKARI INDONESIA,04/01/2025,SURABAYA,IDR,,,NET 30,,A05TC88NLW,AKARI A05TC88NLW,15,2300000,,SET,GD. UTAMA (SBY) - CBP,,,,,,,
15,PO.2025.01.00018,PT MEGAH PERTAMA INDAH,06/01/2025,SURABAYA,IDR,,,CBD,,PWC776,POLYTRON PWC-776,1,2060000,,UNIT,GD. UTAMA (SBY) - CBP,,,,,,,
16,PO.2025.01.00011,PT DAIKIN AIRCONDITIONING INDONESIA,03/01/2025,SURABAYA,IDR,,,CBD,,4010742,EVAPORATOR FCNQ42MV,1,2822000,,BH,GD. UTAMA (SBY) - CBP,,,,,,,
17,PO.2025.01.00011,PT DAIKIN AIRCONDITIONING INDONESIA,03/01/2025,SURABAYA,IDR,,,CBD,,4010814,DRAIN PAN ASSY,1,1198500,,SET,GD. UTAMA (SBY) - CBP,,,,,,,
18,PO.2025.01.00159,PT SARANA KENCANA MULYA,31/01/2025,SURABAYA,IDR,,,NET 28,,PAC18VH,POLYTRON PAC18VH,50,4932651,,SET,GD. UTAMA (SBY) - CBP,,,,,,,
19,PO.2025.01.00141,PT TRIMASTER JAYA ABADI,30/01/2025,SURABAYA,IDR,,,NET 30,,TAC05CSDXS,TCL TAC05CSD/XS,5,2250000,,SET,GD. UTAMA (SBY) - CBP,,,,,,,
20,PO.2025.01.00141,PT TRIMASTER JAYA ABADI,30/01/2025,SURABAYA,IDR,,,NET 30,,GWC07MOO5S,GREE GWC-07MOO5S,10,3309870,,SET,GD. UTAMA (SBY) - CBP,,,,,,,
21,PO.2025.01.00001,PT DAIKIN AIRCONDITIONING INDONESIA,02/01/2025,SURABAYA,IDR,,,CBD,,SVC100AYL,DAIKIN SVC100AYL,1,22146270,,SET,GD. UTAMA (SBY) - CBP,,,,,,,
22,PO.2025.01.00002,PT DAIKIN AIRCONDITIONING INDONESIA,02/01/2025,SURABAYA,IDR,,,CBD,,STC15NV,DAIKIN STC-15NV,10,3623550,,SET,GD. UTAMA (SBY) - CBP,,,,,,,
23,PO.2025.01.00142,PT DAIKIN AIRCONDITIONING INDONESIA,30/01/2025,SURABAYA,IDR,,,CBD,,STC15NV,DAIKIN STC-15NV,15,3623550,,SET,GD. UTAMA (SBY) - CBP,,,,,,,
24,PO.2025.01.00142,PT DAIKIN AIRCONDITIONING INDONESIA,30/01/2025,SURABAYA,IDR,,,CBD,,STC20NV,DAIKIN STC-20NV,5,3765160,,SET,GD. UTAMA (SBY) - CBP,,,,,,,
25,PO.2025.01.00142,PT DAIKIN AIRCONDITIONING INDONESIA,30/01/2025,SURABAYA,IDR,,,CBD,,STC35NV,DAIKIN STC-35NV,5,4889710,,SET,GD. UTAMA (SBY) - CBP,,,,,,,
26,PO.2025.01.00142,PT DAIKIN AIRCONDITIONING INDONESIA,30/01/2025,SURABAYA,IDR,,,CBD,,STC50XV,DAIKIN STC-50XV,7,6514060,,SET,GD. UTAMA (SBY) - CBP,,,,,,,
27,PO.2025.01.00012,CHANGZHOU JIAHAO REFRIGERATION EQUIPMENT CO LTD,06/01/2025,SURABAYA,USD,,,CBD,,A1438,"ARA 1/4""-3/8"" (0,60-0,60)",220,78.93,,MTR,GD. UTAMA (SBY) - CBP,,,,,,,
28,PO.2025.01.00022,PT DAIKIN AIRCONDITIONING INDONESIA,06/01/2025,BALI,IDR,,,CBD,,STC50XV,DAIKIN STC-50XV,15,6514060,,SET,GD. UTAMA (BALI) - CBP,,,,,,,
29,PO.2025.01.00022,PT DAIKIN AIRCONDITIONING INDONESIA,06/01/2025,BALI,IDR,,,CBD,,STKC25TV,DAIKIN STKC-25TV,2,5654880,,SET,GD. UTAMA (BALI) - CBP,,,,,,,
30,PO.2025.01.00012,CHANGZHOU JIAHAO REFRIGERATION EQUIPMENT CO LTD,06/01/2025,SURABAYA,USD,,,CBD,,P1438,"ZUTTO 1/4""-3/8"" (0,61-0,61)",300,85.51,,MTR,GD. UTAMA (SBY) - CBP,,,,,,,
31,PO.2025.01.00022,PT DAIKIN AIRCONDITIONING INDONESIA,06/01/2025,BALI,IDR,,,CBD,,STKQ20UV,DAIKIN STKQ-20UV,2,4414560,,SET,GD. UTAMA (BALI) - CBP,,,,,,,
32,PO.2025.01.00022,PT DAIKIN AIRCONDITIONING INDONESIA,06/01/2025,BALI,IDR,,,CBD,,STKQ25UV,DAIKIN STKQ-25UV,2,4347070,,SET,GD. UTAMA (BALI) - CBP,,,,,,,
33,PO.2025.01.00142,PT DAIKIN AIRCONDITIONING INDONESIA,30/01/2025,SURABAYA,IDR,,,CBD,,STKQ15UV,DAIKIN STKQ-15UV,3,4235040,,SET,GD. UTAMA (SBY) - CBP,,,,,,,
34,PO.2025.01.00012,CHANGZHOU JIAHAO REFRIGERATION EQUIPMENT CO LTD,06/01/2025,SURABAYA,USD,,,CBD,,P1458,"ZUTTO 1/4""-5/8"" (0,61-0,71)",70,136.07,,MTR,GD. UTAMA (SBY) - CBP,,,,,,,
35,PO.2025.01.00019,PT SARANA KENCANA MULYA,06/01/2025,SURABAYA,IDR,,,NET 28,,PAC09VH,POLYTRON PAC09VH,48,2324344.2,,SET,GD. UTAMA (SBY) - CBP,,,,,,,
36,PO.2025.01.00012,CHANGZHOU JIAHAO REFRIGERATION EQUIPMENT CO LTD,06/01/2025,SURABAYA,USD,,,CBD,,P3858,"ZUTTO 3/8""-5/8"" (0,61-0,71)",70,152.31,,MTR,GD. UTAMA (SBY) - CBP,,,,,,,
37,PO.2025.01.00143,CV MIAMI ELECTRONIC,30/01/2025,SURABAYA,IDR,,,CBD,,GWC18N1A,GREE GWC-18N1A,10,6044070,,SET,GD. UTAMA (SBY) - CBP,,,,,,,
38,PO.2025.01.00002,PT DAIKIN AIRCONDITIONING INDONESIA,02/01/2025,SURABAYA,IDR,,,CBD,,STC50XV,DAIKIN STC-50XV,10,6514060,,SET,GD. UTAMA (SBY) - CBP,,,,,,,
39,PO.2025.01.00144,SAMI JAYA,30/01/2025,SURABAYA,IDR,,,CBD,,,,30,2711711.7,,SET,GD. UTAMA (SBY) - CBP,,,,,,,
40,PO.2025.01.00003,PT DAIKIN AIRCONDITIONING INDONESIA,02/01/2025,SURABAYA,IDR,,,CBD,,STC20NV,DAIKIN STC-20NV,5,3765160,,SET,GD. UTAMA (SBY) - CBP,,,,,,,
41,PO.2025.01.00003,PT DAIKIN AIRCONDITIONING INDONESIA,02/01/2025,SURABAYA,IDR,,,CBD,,STKC25TV,DAIKIN STKC-25TV,2,5654880,,SET,GD. UTAMA (SBY) - CBP,,,,,,,
42,PO.2025.01.00145,AINUR ROFIQ,30/01/2025,SURABAYA,IDR,,,CBD,,,,1,100000,,SET,GD. UTAMA (SBY) - CBP,,,,,,,
43,PO.2025.01.00147,PT SARANA KENCANA MULYA,30/01/2025,SURABAYA,IDR,,,NET 28,,PCT3032,POLYTRON PCT3032,3,9221675,,SET,GD. UTAMA (SBY) - CBP,,,,,,,
44,PO.2025.01.00014,PT PANASONIC GOBEL INDONESIA,06/01/2025,SURABAYA,IDR,,,CBD,,CSCUYN12AKJ,PANASONIC CS/CU-YN12AKJ,50,4816290,,SET,GD. UTAMA (SBY) - CBP,,,,,,,
45,PO.2025.01.00003,PT DAIKIN AIRCONDITIONING INDONESIA,02/01/2025,SURABAYA,IDR,,,CBD,,STV50CXV,DAIKIN STV-50CXV,6,5987846,,SET,GD. UTAMA (SBY) - CBP,,,,,,,
46,PO.2025.01.00014,PT PANASONIC GOBEL INDONESIA,06/01/2025,SURABAYA,IDR,,,CBD,,CSCUYN18AKJ,PANASONIC CS/CU-YN18AKJ,135,6285375,,SET,GD. UTAMA (SBY) - CBP,,,,,,,
47,PO.2025.01.00013,PT MEGAH PERTAMA INDAH,06/01/2025,SURABAYA,IDR,,,CBD,,GMB50,GEA GMB50,3,1075000,,BH,GD. UTAMA (SBY) - CBP,,,,,,,
48,PO.2025.01.00015,PT SUMBER MANDIRI SURABAYA,06/01/2025,SURABAYA,IDR,,,CBD,,HDSPIRALDRAIN,HD SPIRAL DRAIN,5,98000,,MTR,GD. UTAMA (SBY) - CBP,,,,,,,
49,PO.2025.01.00013,PT MEGAH PERTAMA INDAH,06/01/2025,SURABAYA,IDR,,,CBD,,L43H7,CHANGHONG L43H7,7,2750000,,BH,GD. UTAMA (SBY) - CBP,,,,,,,
50,PO.2025.01.00148,PT SARANA KENCANA MULYA,30/01/2025,SURABAYA,IDR,,,NET 28,,PAC05VZI,POLYTRON PAC05VZI,11,2274510,,SET,GD. UTAMA (SBY) - CBP,,,,,,,
51,PO.2025.01.00148,PT SARANA KENCANA MULYA,30/01/2025,SURABAYA,IDR,,,NET 28,,PAC05VZSI,POLYTRON PAC05VZSI,11,2421510,,SET,GD. UTAMA (SBY) - CBP,,,,,,,
52,PO.2025.01.00004,PT DAIKIN AIRCONDITIONING INDONESIA,02/01/2025,SURABAYA,IDR,,,CBD,,2MKC20RVM1515,DAIKIN 2MKC20RVM (15+15),1,7845500,,SET,GD. UTAMA (SBY) - CBP,,,,,,,
53,PO.2025.01.00005,SAMI JAYA,02/01/2025,SURABAYA,IDR,,,CBD,,GWC05MOO5S,GREE GWC-05MOO5S,30,2648648,,SET,GD. UTAMA (SBY) - CBP,,,,,,,
54,PO.2025.01.00006,PT CHANGHONG MEILING ELECTRIC INDONESIA,03/01/2025,SURABAYA,IDR,,,NET 60,,CSC12NVB4,CHANGHONG CSC-12NVB4,5,3601500,,SET,GD. UTAMA (SBY) - CBP,,,,,,,
55,PO.2025.01.00006,PT CHANGHONG MEILING ELECTRIC INDONESIA,03/01/2025,SURABAYA,IDR,,,NET 60,,CSC09NVC4,CHANGHONG CSC-09NVC4,15,2450000,,SET,GD. UTAMA (SBY) - CBP,,,,,,,
56,PO.2025.01.00149,PT SARANA KENCANA MULYA,15/01/2025,SURABAYA,IDR,,,NET 28,,PAC05VZSI,POLYTRON PAC05VZSI,4,2421510,,SET,GD. UTAMA (SBY) - CBP,,,,,,,
57,PO.2025.01.00133,PT SHARP ELECTRONICS INDONESIA,28/01/2025,SURABAYA,IDR,,,NET 21,,AHA9BEY,SHARP AH-A9BEY,125,3044730,,SET,GD. UTAMA (SBY) - CBP,,,,,,,
58,PO.2025.01.00119,PT PUCANGADI JAYA,23/01/2025,BALI,IDR,,,CBD,,GWC05MOO5S,GREE GWC-05MOO5S,20,2680180.2,,SET,GD. UTAMA (BALI) - CBP,,,,,,,
59,PO.2025.01.00134,PT PANASONIC GOBEL INDONESIA,28/01/2025,SURABAYA,IDR,,,NET 28,,,,1,17003384,,SET,GD. UTAMA (SBY) - CBP,,,,,,,
60,PO.2025.01.00134,PT PANASONIC GOBEL INDONESIA,28/01/2025,SURABAYA,IDR,,,NET 28,,CSCUPN18AKJ,PANASONIC CS/CU-PN18AKJ,1,6774330,,SET,GD. UTAMA (SBY) - CBP,,,,,,,
61,PO.2025.01.00134,PT PANASONIC GOBEL INDONESIA,28/01/2025,SURABAYA,IDR,,,NET 28,,CSCURU12AKJ,PANASONIC CS/CU-RU12AKJ,1,8117430,,SET,GD. UTAMA (SBY) - CBP,,,,,,,
62,PO.2025.01.00132,PT AKARI INDONESIA,25/01/2025,SURABAYA,IDR,,,NET 30,,A05TC88NLW,AKARI A05TC88NLW,2,2300000,,SET,GD. UTAMA (SBY) - CBP,,,,,,,
63,PO.2025.01.00132,PT AKARI INDONESIA,25/01/2025,SURABAYA,IDR,,,NET 30,,A09TC88NLW,AKARI A09TC88NLW,1,2750000,,SET,GD. UTAMA (SBY) - CBP,,,,,,,
64,PO.2025.01.00125,PT SARANA KENCANA MULYA,24/01/2025,MADIUN,IDR,,,NET 28,,PCT5032,POLYTRON PCT5032,2,17346081,,SET,GD. UTAMA (MDN) - CBP,,,,,,,
65,PO.2025.01.00133,PT SHARP ELECTRONICS INDONESIA,28/01/2025,SURABAYA,IDR,,,NET 21,,AHA7BEY,SHARP AH-A7BEY,30,2901540,,SET,GD. UTAMA (SBY) - CBP,,,,,,,
66,PO.2025.01.00006,PT CHANGHONG MEILING ELECTRIC INDONESIA,03/01/2025,SURABAYA,IDR,,,NET 60,,CSC09RDX4,CHANGHONG CSC-09RDX4,7,2714600,,SET,GD. UTAMA (SBY) - CBP,,,,,,,
67,PO.2025.01.00152,CV ALLEND,24/01/2025,BALI,IDR,,,CBD,,,,1,1695000,,SET,GD. UTAMA (BALI) - CBP,,,,,,,
68,PO.2025.01.00152,CV ALLEND,24/01/2025,BALI,IDR,,,CBD,,JASAPEMASANGAN,JASA PEMASANGAN,1,225000,,LOT,,,,,,,,
69,PO.2025.01.00153,CV ALLEND,24/01/2025,BALI,IDR,,,CBD,,,,1,3002500,,SET,GD. UTAMA (BALI) - CBP,,,,,,,
70,PO.2025.01.00021,PT DAIKIN AIRCONDITIONING INDONESIA,06/01/2025,SURABAYA,IDR,,,CBD,,STP15AV9,DAIKIN STP-15AV9,32,2784600,,SET,GD. UTAMA (SBY) - CBP,,,,,,,
71,PO.2025.01.00021,PT DAIKIN AIRCONDITIONING INDONESIA,06/01/2025,SURABAYA,IDR,,,CBD,,STP25AV9,DAIKIN STP-25AV9,18,3132675,,SET,GD. UTAMA (SBY) - CBP,,,,,,,
72,PO.2025.01.00153,CV ALLEND,24/01/2025,BALI,IDR,,,CBD,,JASAPEMASANGAN,JASA PEMASANGAN,1,1530000,,LOT,,,,,,,,
73,PO.2025.01.00016,PT DAIKIN AIRCONDITIONING INDONESIA,06/01/2025,SURABAYA,IDR,,,CBD,,STC15NV,DAIKIN STC-15NV,5,3623550,,SET,GD. UTAMA (SBY) - CBP,,,,,,,
74,PO.2025.01.00016,PT DAIKIN AIRCONDITIONING INDONESIA,06/01/2025,SURABAYA,IDR,,,CBD,,STC35NV,DAIKIN STC-35NV,3,4889710,,SET,GD. UTAMA (SBY) - CBP,,,,,,,
75,PO.2025.01.00007,PT LG ELECTRONICS INDONESIA,03/01/2025,SURABAYA,IDR,,,NET 27,,H07TN4SCAX,LG H07TN4.SCAX,10,2800000,,SET,GD. UTAMA (SBY) - CBP,,,,,,,
76,PO.2025.01.00020,PT SARANA KENCANA MULYA,06/01/2025,SURABAYA,IDR,,,NET 28,,PAC18VH,POLYTRON PAC18VH,15,4624010,,SET,GD. UTAMA (SBY) - CBP,,,,,,,
77,PO.2025.01.00020,PT SARANA KENCANA MULYA,06/01/2025,SURABAYA,IDR,,,NET 28,,PAC12VH,POLYTRON PAC12VH,15,3355310,,SET,GD. UTAMA (SBY) - CBP,,,,,,,
78,PO.2025.01.00016,PT DAIKIN AIRCONDITIONING INDONESIA,06/01/2025,SURABAYA,IDR,,,CBD,,STKC35TV,DAIKIN STKC-35TV,1,7270560,,SET,GD. UTAMA (SBY) - CBP,,,,,,,
79,PO.2025.01.00016,PT DAIKIN AIRCONDITIONING INDONESIA,06/01/2025,SURABAYA,IDR,,,CBD,,STV15CXV,DAIKIN STV-15CXV,5,3323797,,SET,GD. UTAMA (SBY) - CBP,,,,,,,
80,PO.2025.01.00016,PT DAIKIN AIRCONDITIONING INDONESIA,06/01/2025,SURABAYA,IDR,,,CBD,,STV50CXV,DAIKIN STV-50CXV,2,5987846,,SET,GD. UTAMA (SBY) - CBP,,,,,,,
81,PO.2025.01.00022,PT DAIKIN AIRCONDITIONING INDONESIA,06/01/2025,BALI,IDR,,,CBD,,STC25NV,DAIKIN STC-25NV,8,3940090,,SET,GD. UTAMA (BALI) - CBP,,,,,,,
82,PO.2025.01.00007,PT LG ELECTRONICS INDONESIA,03/01/2025,SURABAYA,IDR,,,NET 27,,T09EV5,LG T09EV5,10,3840866,,SET,GD. UTAMA (SBY) - CBP,,,,,,,
83,PO.2025.01.00126,PT SARANA KENCANA MULYA,23/01/2025,BALI,IDR,,,NET 28,,PAC18VZ,POLYTRON PAC18VZ,5,4994700,,SET,GD. UTAMA (BALI) - CBP,,,,,,,
84,PO.2025.01.00154,CV ALLEND,24/01/2025,BALI,IDR,,,CBD,,,,1,12127500,,SET,GD. UTAMA (BALI) - CBP,,,,,,,
85,PO.2025.01.00156,PT DAIKIN AIRCONDITIONING INDONESIA,31/01/2025,BALI,IDR,,,CBD,,STC25NV,DAIKIN STC-25NV,15,3940090,,SET,GD. UTAMA (BALI) - CBP,,,,,,,
86,PO.2025.01.00158,CV BANDUNG GEMILANG SENTOSA,31/01/2025,SURABAYA,IDR,,,CBD,,FGR20PDDNAX,GREE FGR20PDDNAX,3,38160000,,SET,GD. UTAMA (SBY) - CBP,,,,,,,
87,PO.2025.01.00158,CV BANDUNG GEMILANG SENTOSA,31/01/2025,SURABAYA,IDR,,,CBD,,GU140PHS,GREE GU140PHS,2,20520000,,SET,GD. UTAMA (SBY) - CBP,,,,,,,
88,PO.2025.01.00158,CV BANDUNG GEMILANG SENTOSA,31/01/2025,SURABAYA,IDR,,,CBD,,GU71PHS,GREE GU71PHS,2,11070000,,SET,GD. UTAMA (SBY) - CBP,,,,,,,
89,PO.2025.01.00023,PT SARANA KENCANA MULYA,06/01/2025,SURABAYA,IDR,,,NET 28,,PAC05VZI,POLYTRON PAC05VZI,5,2274510,,SET,GD. UTAMA (SBY) - CBP,,,,,,,
90,PO.2025.01.00023,PT SARANA KENCANA MULYA,06/01/2025,SURABAYA,IDR,,,NET 28,,PAC09VZI,POLYTRON PAC09VZI,5,2497755,,SET,GD. UTAMA (SBY) - CBP,,,,,,,
91,PO.2025.01.00024,PT MIDEA PLANET INDONESIA,06/01/2025,SURABAYA,IDR,,,CBD,,MSFC05CRN2X,MIDEA MSFC05CRN2X,220,2308949,,SET,GD. UTAMA (SBY) - CBP,,,,,,,
92,PO.2025.01.00022,PT DAIKIN AIRCONDITIONING INDONESIA,06/01/2025,BALI,IDR,,,CBD,,STKQ50UV,DAIKIN STKQ-50UV,2,8388480,,SET,GD. UTAMA (BALI) - CBP,,,,,,,
93,PO.2025.01.00022,PT DAIKIN AIRCONDITIONING INDONESIA,06/01/2025,BALI,IDR,,,CBD,,STV35CXV,DAIKIN STV-35CXV,7,4506530,,SET,GD. UTAMA (BALI) - CBP,,,,,,,
94,PO.2025.01.00024,PT MIDEA PLANET INDONESIA,06/01/2025,SURABAYA,IDR,,,CBD,,MSFC09CRN2X,MIDEA MSFC09CRN2X,80,2653629,,SET,GD. UTAMA (SBY) - CBP,,,,,,,
95,PO.2025.01.00006,PT CHANGHONG MEILING ELECTRIC INDONESIA,03/01/2025,SURABAYA,IDR,,,NET 60,,CSC18NVB3,CHANGHONG CSC-18NVB3,20,4753000,,SET,GD. UTAMA (SBY) - CBP,,,,,,,
96,PO.2025.01.00151,CV MULTI GUNA SELARAS,31/01/2025,SURABAYA,IDR,,,CBD,,SRK05CR,MITSUBISHI HEAVY INDUSTRIES SRK05CR,1,4069926,,SET,GD. UTAMA (SBY) - CBP,,,,,,,
97,PO.2025.01.00151,CV MULTI GUNA SELARAS,31/01/2025,SURABAYA,IDR,,,CBD,,SRK12CT,MITSUBISHI HEAVY INDUSTRIES SRK12CT,3,5728044,,SET,GD. UTAMA (SBY) - CBP,,,,,,,
98,PO.2025.01.00024,PT MIDEA PLANET INDONESIA,06/01/2025,SURABAYA,IDR,,,CBD,,MSIAF05CRDN2X,MIDEA MSIAF05CRDN2X,4,3191300,,SET,GD. UTAMA (SBY) - CBP,,,,,,,
99,PO.2025.01.00157,PT SHARP ELECTRONICS INDONESIA,31/01/2025,BALI,IDR,,,NET 21,,AHA5BEY,SHARP AH-A5BEY,25,2447000,,SET,GD. UTAMA (BALI) - CBP,,,,,,,
100,PO.2025.01.00157,PT SHARP ELECTRONICS INDONESIA,31/01/2025,BALI,IDR,,,NET 21,,AHA9BEY,SHARP AH-A9BEY,25,2743000,,SET,GD. UTAMA (BALI) - CBP,,,,,,,
101,PO.2025.01.00157,PT SHARP ELECTRONICS INDONESIA,31/01/2025,BALI,IDR,,,NET 21,,AHA9ZCY,SHARP AH-A9ZCY,25,2776000,,SET,GD. UTAMA (BALI) - CBP,,,,,,,
102,PO.2025.01.00151,CV MULTI GUNA SELARAS,31/01/2025,SURABAYA,IDR,,,CBD,,SRK18CS,MITSUBISHI HEAVY INDUSTRIES SRK18CS,2,7687638,,SET,GD. UTAMA (SBY) - CBP,,,,,,,
103,PO.2025.01.00142,PT DAIKIN AIRCONDITIONING INDONESIA,30/01/2025,SURABAYA,IDR,,,CBD,,STKQ20UV,DAIKIN STKQ-20UV,2,4414560,,SET,GD. UTAMA (SBY) - CBP,,,,,,,
104,PO.2025.01.00142,PT DAIKIN AIRCONDITIONING INDONESIA,30/01/2025,SURABAYA,IDR,,,CBD,,STKQ25UV,DAIKIN STKQ-25UV,3,4347070,,SET,GD. UTAMA (SBY) - CBP,,,,,,,
105,PO.2025.01.00142,PT DAIKIN AIRCONDITIONING INDONESIA,30/01/2025,SURABAYA,IDR,,,CBD,,STV35CXV,DAIKIN STV-35CXV,2,4506530,,SET,GD. UTAMA (SBY) - CBP,,,,,,,
106,PO.2025.01.00146,PT TRIMASTER JAYA ABADI,30/01/2025,SURABAYA,IDR,,,NET 30,,GEVER1438,"GEVER INVERTER 1/4-3/8""",20,1599099,,MTR,GD. UTAMA (SBY) - CBP,,,,,,,
107,PO.2025.01.00130,PT DAIKIN AIRCONDITIONING INDONESIA,24/01/2025,BALI,IDR,,,CBD,,STP15AV9,DAIKIN STP-15AV9,12,2784600,,SET,GD. UTAMA (BALI) - CBP,,,,,,,
108,PO.2025.01.00130,PT DAIKIN AIRCONDITIONING INDONESIA,24/01/2025,BALI,IDR,,,CBD,,STP25AV9,DAIKIN STP-25AV9,38,3132675,,SET,GD. UTAMA (BALI) - CBP,,,,,,,
109,PO.2025.01.00131,PT DAIKIN AIRCONDITIONING INDONESIA,24/01/2025,BALI,IDR,,,CBD,,STC15NV,DAIKIN STC-15NV,7,3623550,,SET,GD. UTAMA (BALI) - CBP,,,,,,,
110,PO.2025.01.00131,PT DAIKIN AIRCONDITIONING INDONESIA,24/01/2025,BALI,IDR,,,CBD,,STC20NV,DAIKIN STC-20NV,5,3765160,,SET,GD. UTAMA (BALI) - CBP,,,,,,,
111,PO.2025.01.00024,PT MIDEA PLANET INDONESIA,06/01/2025,SURABAYA,IDR,,,CBD,,MPHA09CRN7,MIDEA MPHA-09CRN7,9,3107880,,UNIT,GD. UTAMA (SBY) - CBP,,,,,,,
112,PO.2025.01.00027,PT TRIMASTER JAYA ABADI,07/01/2025,SURABAYA,IDR,,,NET 30,,GEVER1438,"GEVER INVERTER 1/4-3/8""",8,1775000,,MTR,GD. UTAMA (SBY) - CBP,,,,,,,
113,PO.2025.01.00025,PT DAIKIN AIRCONDITIONING INDONESIA,07/01/2025,SURABAYA,IDR,,,CBD,,STKF35AV,DAIKIN STKF-35AV,1,5475360,,SET,GD. UTAMA (SBY) - CBP,,,,,,,
114,PO.2025.01.00024,PT MIDEA PLANET INDONESIA,06/01/2025,SURABAYA,IDR,,,CBD,,MPF212CRN1,MIDEA MPF2-12CRN1,5,4255390,,SET,GD. UTAMA (SBY) - CBP,,,,,,,
115,PO.2025.01.00024,PT MIDEA PLANET INDONESIA,06/01/2025,SURABAYA,IDR,,,CBD,,MPF209CRN1,MIDEA MPF2-09CRN1,5,3681150,,SET,GD. UTAMA (SBY) - CBP,,,,,,,
116,PO.2025.01.00026,PT DAIKIN AIRCONDITIONING INDONESIA,07/01/2025,SURABAYA,IDR,,,CBD,,2MKC20RVM1515,DAIKIN 2MKC20RVM (15+15),1,7845500,,SET,GD. UTAMA (SBY) - CBP,,,,,,,
117,PO.2025.01.00029,CV BANDUNG GEMILANG SENTOSA,07/01/2025,SURABAYA,IDR,,,CBD,,GWC09C3ES,GREE GWC-09C3ES,10,3428882,,SET,GD. UTAMA (SBY) - CBP,,,,,,,
118,PO.2025.01.00029,CV BANDUNG GEMILANG SENTOSA,07/01/2025,SURABAYA,IDR,,,CBD,,GWC09F5S,GREE GWC-09F5S,8,3894647,,SET,GD. UTAMA (SBY) - CBP,,,,,,,
119,PO.2025.01.00029,CV BANDUNG GEMILANG SENTOSA,07/01/2025,SURABAYA,IDR,,,CBD,,GWC12F5S,GREE GWC-12F5S,2,4673746,,SET,GD. UTAMA (SBY) - CBP,,,,,,,
120,PO.2025.01.00029,CV BANDUNG GEMILANG SENTOSA,07/01/2025,SURABAYA,IDR,,,CBD,,GWC12N1A,GREE GWC-12N1A,10,4089423,,SET,GD. UTAMA (SBY) - CBP,,,,,,,
121,PO.2025.01.00029,CV BANDUNG GEMILANG SENTOSA,07/01/2025,SURABAYA,IDR,,,CBD,,GWC18N1A,GREE GWC-18N1A,10,5503657,,SET,GD. UTAMA (SBY) - CBP,,,,,,,
122,PO.2025.01.00008,PT DAIKIN AIRCONDITIONING INDONESIA,03/01/2025,SURABAYA,IDR,,,CBD,,STC50XV,DAIKIN STC-50XV,45,6514060,,SET,GD. UTAMA (SBY) - CBP,,,,,,,
123,PO.2025.01.00028,PT MIDEA PLANET INDONESIA,07/01/2025,SURABAYA,IDR,,,CBD,,MSAF07CRN2,MIDEA MSAF07CRN2,15,2581771,,SET,GD. UTAMA (SBY) - CBP,,,,,,,
124,PO.2025.01.00008,PT DAIKIN AIRCONDITIONING INDONESIA,03/01/2025,SURABAYA,IDR,,,CBD,,STV60CXV,DAIKIN STV-60CXV,14,8471610,,SET,GD. UTAMA (SBY) - CBP,,,,,,,
125,PO.2025.01.00025,PT DAIKIN AIRCONDITIONING INDONESIA,07/01/2025,SURABAYA,IDR,,,CBD,,STV50CXV,DAIKIN STV-50CXV,10,5987846,,SET,GD. UTAMA (SBY) - CBP,,,,,,,
126,PO.2025.01.00024,PT MIDEA PLANET INDONESIA,06/01/2025,SURABAYA,IDR,,,CBD,,MPHA05CRN7,MIDEA MPHA-05CRN7,10,2662650,,UNIT,GD. UTAMA (SBY) - CBP,,,,,,,
127,PO.2025.01.00131,PT DAIKIN AIRCONDITIONING INDONESIA,24/01/2025,BALI,IDR,,,CBD,,STC35NV,DAIKIN STC-35NV,5,4889710,,SET,GD. UTAMA (BALI) - CBP,,,,,,,
128,PO.2025.01.00131,PT DAIKIN AIRCONDITIONING INDONESIA,24/01/2025,BALI,IDR,,,CBD,,STC50XV,DAIKIN STC-50XV,15,6514060,,SET,GD. UTAMA (BALI) - CBP,,,,,,,
129,PO.2025.01.00028,PT MIDEA PLANET INDONESIA,07/01/2025,SURABAYA,IDR,,,CBD,,MSAF09CRN2,MIDEA MSAF09CRN2,20,2744887,,SET,GD. UTAMA (SBY) - CBP,,,,,,,
130,PO.2025.01.00131,PT DAIKIN AIRCONDITIONING INDONESIA,24/01/2025,BALI,IDR,,,CBD,,STV35CXV,DAIKIN STV-35CXV,3,4506530,,SET,GD. UTAMA (BALI) - CBP,,,,,,,
131,PO.2025.01.00030,CV MUARA PERKASA,07/01/2025,BALI,IDR,,,CBD,,GWC05MOO5S,GREE GWC-05MOO5S,20,2702702.74,,SET,GD. UTAMA (BALI) - CBP,,,,,,,
132,PO.2025.01.00025,PT DAIKIN AIRCONDITIONING INDONESIA,07/01/2025,SURABAYA,IDR,,,CBD,,STC15NV,DAIKIN STC-15NV,2,3623550,,SET,GD. UTAMA (SBY) - CBP,,,,,,,
133,PO.2025.01.00025,PT DAIKIN AIRCONDITIONING INDONESIA,07/01/2025,SURABAYA,IDR,,,CBD,,STC25NV,DAIKIN STC-25NV,5,3940090,,SET,GD. UTAMA (SBY) - CBP,,,,,,,
134,PO.2025.01.00025,PT DAIKIN AIRCONDITIONING INDONESIA,07/01/2025,SURABAYA,IDR,,,CBD,,STC35NV,DAIKIN STC-35NV,3,4889710,,SET,GD. UTAMA (SBY) - CBP,,,,,,,
135,PO.2025.01.00025,PT DAIKIN AIRCONDITIONING INDONESIA,07/01/2025,SURABAYA,IDR,,,CBD,,STC50XV,DAIKIN STC-50XV,5,6514060,,SET,GD. UTAMA (SBY) - CBP,,,,,,,
136,PO.2025.01.00028,PT MIDEA PLANET INDONESIA,07/01/2025,SURABAYA,IDR,,,CBD,,MSAF05CRN2,MIDEA MSAF05CRN2,230,2400207,,SET,GD. UTAMA (SBY) - CBP,,,,,,,
137,PO.2025.01.00033,PT DAIKIN AIRCONDITIONING INDONESIA,07/01/2025,SURABAYA,IDR,,,CBD,,STKQ15UV,DAIKIN STKQ-15UV,7,4235040,,SET,GD. UTAMA (SBY) - CBP,,,,,,,
138,PO.2025.01.00032,PT LG ELECTRONICS INDONESIA,07/01/2025,SURABAYA,IDR,,,NET 27,,H09TN4SCAX,LG H09TN4.SCAX,50,2900000,,SET,GD. UTAMA (SBY) - CBP,,,,,,,
139,PO.2025.01.00033,PT DAIKIN AIRCONDITIONING INDONESIA,07/01/2025,SURABAYA,IDR,,,CBD,,STV15CXV,DAIKIN STV-15CXV,2,3315340,,SET,GD. UTAMA (SBY) - CBP,,,,,,,
140,PO.2025.01.00033,PT DAIKIN AIRCONDITIONING INDONESIA,07/01/2025,SURABAYA,IDR,,,CBD,,STV35CXV,DAIKIN STV-35CXV,2,4506530,,SET,GD. UTAMA (SBY) - CBP,,,,,,,
141,PO.2025.01.00035,PT MIDEA PLANET INDONESIA,08/01/2025,SURABAYA,IDR,,,CBD,,MCD24CRN,MIDEA MCD-24CRN,2,10614710,,SET,GD. UTAMA (SBY) - CBP,,,,,,,
142,PO.2025.01.00031,CV BALLY AIRCOND,07/01/2025,BALI,IDR,,,CBD,,GWC12N1A,GREE GWC-12N1A,5,4587550,,SET,GD. UTAMA (BALI) - CBP,,,,,,,
143,PO.2025.01.00031,CV BALLY AIRCOND,07/01/2025,BALI,IDR,,,CBD,,GWC18N1A,GREE GWC-18N1A,5,6174050,,SET,GD. UTAMA (BALI) - CBP,,,,,,,
144,PO.2025.01.00031,CV BALLY AIRCOND,07/01/2025,BALI,IDR,,,CBD,,GWC0507CSS,GREE GWC0507CSS,1,7998050,,SET,GD. UTAMA (BALI) - CBP,,,,,,,
145,PO.2025.01.00039,PT PANASONIC GOBEL INDONESIA,09/01/2025,SURABAYA,IDR,,,NET 28,,FEU409A2,PANASONIC F-EU409-A2,10,492773,,BH,GD. UTAMA (SBY) - CBP,,,,,,,
146,PO.2025.01.00036,PT DAIKIN AIRCONDITIONING INDONESIA,09/01/2025,SURABAYA,IDR,,,CBD,,STC15NV,DAIKIN STC-15NV,10,3623550,,SET,GD. UTAMA (SBY) - CBP,,,,,,,
147,PO.2025.01.00036,PT DAIKIN AIRCONDITIONING INDONESIA,09/01/2025,SURABAYA,IDR,,,CBD,,STC20NV,DAIKIN STC-20NV,5,3765160,,SET,GD. UTAMA (SBY) - CBP,,,,,,,
148,PO.2025.01.00036,PT DAIKIN AIRCONDITIONING INDONESIA,09/01/2025,SURABAYA,IDR,,,CBD,,STC25NV,DAIKIN STC-25NV,20,3940090,,SET,GD. UTAMA (SBY) - CBP,,,,,,,
149,PO.2025.01.00039,PT PANASONIC GOBEL INDONESIA,09/01/2025,SURABAYA,IDR,,,NET 28,,FV15TGU1W,PANASONIC FV-15TGU1-W,20,296969,,BH,GD. UTAMA (SBY) - CBP,,,,,,,
150,PO.2025.01.00039,PT PANASONIC GOBEL INDONESIA,09/01/2025,SURABAYA,IDR,,,NET 28,,FV25TGU5W,PANASONIC FV-25TGU5-W,20,350272,,BH,GD. UTAMA (SBY) - CBP,,,,,,,
151,PO.2025.01.00038,CV BANDUNG GEMILANG SENTOSA,09/01/2025,SURABAYA,IDR,,,CBD,,GWC09MOO5S,GREE GWC-09MOO5S,19,3124018,,SET,GD. UTAMA (SBY) - CBP,,,,,,,
152,PO.2025.01.00032,PT LG ELECTRONICS INDONESIA,07/01/2025,SURABAYA,IDR,,,NET 27,,H05TN4SCAX,LG H05TN4.SCAX,30,2520000,,SET,GD. UTAMA (SBY) - CBP,,,,,,,
153,PO.2025.01.00034,PT CHANGHONG MEILING ELECTRIC INDONESIA,08/01/2025,SURABAYA,IDR,,,NET 60,,CHFS48LA,CHANGHONG CHFS-48LA,2,15300000,,SET,GD. UTAMA (SBY) - CBP,,,,,,,
154,PO.2025.01.00037,CV MULTI GUNA SELARAS,09/01/2025,SURABAYA,IDR,,,CBD,,SRK05CR,MITSUBISHI HEAVY INDUSTRIES SRK05CR,3,4069926,,SET,GD. UTAMA (SBY) - CBP,,,,,,,
155,PO.2025.01.00037,CV MULTI GUNA SELARAS,09/01/2025,SURABAYA,IDR,,,CBD,,SRK09CTR,MITSUBISHI HEAVY INDUSTRIES SRK09CTR,4,4586742,,SET,GD. UTAMA (SBY) - CBP,,,,,,,
156,PO.2025.01.00037,CV MULTI GUNA SELARAS,09/01/2025,SURABAYA,IDR,,,CBD,,SRK09CXP,MITSUBISHI HEAVY INDUSTRIES SRK09CXP,6,3600000,,SET,GD. UTAMA (SBY) - CBP,,,,,,,
157,PO.2025.01.00036,PT DAIKIN AIRCONDITIONING INDONESIA,09/01/2025,SURABAYA,IDR,,,CBD,,STC35NV,DAIKIN STC-35NV,5,4889710,,SET,GD. UTAMA (SBY) - CBP,,,,,,,
158,PO.2025.01.00036,PT DAIKIN AIRCONDITIONING INDONESIA,09/01/2025,SURABAYA,IDR,,,CBD,,STC50XV,DAIKIN STC-50XV,10,6514060,,SET,GD. UTAMA (SBY) - CBP,,,,,,,
159,PO.2025.01.00036,PT DAIKIN AIRCONDITIONING INDONESIA,09/01/2025,SURABAYA,IDR,,,CBD,,STKC25TV,DAIKIN STKC-25TV,2,5654880,,SET,GD. UTAMA (SBY) - CBP,,,,,,,
160,PO.2025.01.00032,PT LG ELECTRONICS INDONESIA,07/01/2025,SURABAYA,IDR,,,NET 27,,H18TN4SCAX,LG H18TN4.SCAX,20,5540000,,SET,GD. UTAMA (SBY) - CBP,,,,,,,
161,PO.2025.01.00032,PT LG ELECTRONICS INDONESIA,07/01/2025,SURABAYA,IDR,,,NET 27,,T12EV5,LG T12EV5,10,5335894,,SET,GD. UTAMA (SBY) - CBP,,,,,,,
162,PO.2025.01.00032,PT LG ELECTRONICS INDONESIA,07/01/2025,SURABAYA,IDR,,,NET 27,,T18EV5,LG T18EV5,10,7377261,,SET,GD. UTAMA (SBY) - CBP,,,,,,,
163,PO.2025.01.00036,PT DAIKIN AIRCONDITIONING INDONESIA,09/01/2025,SURABAYA,IDR,,,CBD,,STV50CXV,DAIKIN STV-50CXV,5,5987846,,SET,GD. UTAMA (SBY) - CBP,,,,,,,
164,PO.2025.01.00044,PT MIDEA PLANET INDONESIA,11/01/2025,BALI,IDR,,,CBD,,MSFC05CRN2X,MIDEA MSFC05CRN2X,180,2308949,,SET,GD. UTAMA (BALI) - CBP,,,,,,,
165,PO.2025.01.00043,CV MIAMI ELECTRONIC,11/01/2025,SURABAYA,IDR,,,CBD,,GWC07C3ES,GREE GWC-07C3ES,3,3191324,,SET,GD. UTAMA (SBY) - CBP,,,,,,,
166,PO.2025.01.00041,PT SARANA KENCANA MULYA,11/01/2025,SURABAYA,IDR,,,NET 28,,PAC05VZSI,POLYTRON PAC05VZSI,10,2421509.8,,SET,GD. UTAMA (SBY) - CBP,,,,,,,
167,PO.2025.01.00041,PT SARANA KENCANA MULYA,11/01/2025,SURABAYA,IDR,,,NET 28,,PAC09VZSI,POLYTRON PAC09VZSI,5,2644754.8,,SET,GD. UTAMA (SBY) - CBP,,,,,,,
168,PO.2025.01.00045,CV BANDUNG GEMILANG SENTOSA,11/01/2025,BALI,IDR,,,CBD,,GVC24STSS,GREE GVC-24STSS,2,11849600,,SET,GD. UTAMA (BALI) - CBP,,,,,,,
169,PO.2025.01.00044,PT MIDEA PLANET INDONESIA,11/01/2025,BALI,IDR,,,CBD,,MSAF07CRN2,MIDEA MSAF07CRN2,10,2581771,,SET,GD. UTAMA (BALI) - CBP,,,,,,,
170,PO.2025.01.00044,PT MIDEA PLANET INDONESIA,11/01/2025,BALI,IDR,,,CBD,,MPHA05CRN7,MIDEA MPHA-05CRN7,20,2662650,,UNIT,GD. UTAMA (BALI) - CBP,,,,,,,
171,PO.2025.01.00044,PT MIDEA PLANET INDONESIA,11/01/2025,BALI,IDR,,,CBD,,MPF212CRN1,MIDEA MPF2-12CRN1,5,4255390,,SET,GD. UTAMA (BALI) - CBP,,,,,,,
172,PO.2025.01.00043,CV MIAMI ELECTRONIC,11/01/2025,SURABAYA,IDR,,,CBD,,GWC07MOO5S,GREE GWC-07MOO5S,9,2981865,,SET,GD. UTAMA (SBY) - CBP,,,,,,,
173,PO.2025.01.00041,PT SARANA KENCANA MULYA,11/01/2025,SURABAYA,IDR,,,NET 28,,PAC05VZI,POLYTRON PAC05VZI,10,2274510,,SET,GD. UTAMA (SBY) - CBP,,,,,,,
174,PO.2025.01.00041,PT SARANA KENCANA MULYA,11/01/2025,SURABAYA,IDR,,,NET 28,,PAC09VZI,POLYTRON PAC09VZI,5,2497755,,SET,GD. UTAMA (SBY) - CBP,,,,,,,
175,PO.2025.01.00044,PT MIDEA PLANET INDONESIA,11/01/2025,BALI,IDR,,,CBD,,MPHA09CRN7,MIDEA MPHA-09CRN7,10,3107880,,UNIT,GD. UTAMA (BALI) - CBP,,,,,,,
176,PO.2025.01.00044,PT MIDEA PLANET INDONESIA,11/01/2025,BALI,IDR,,,CBD,,MPF209CRN1,MIDEA MPF2-09CRN1,5,3681150,,SET,GD. UTAMA (BALI) - CBP,,,,,,,
177,PO.2025.01.00047,PT PANASONIC GOBEL INDONESIA,11/01/2025,SURABAYA,IDR,,,CBD,,CSCUYN5AKJ,PANASONIC CS/CU-YN5AKJ,90,3326670,,SET,GD. UTAMA (SBY) - CBP,,,,,,,
178,PO.2025.01.00047,PT PANASONIC GOBEL INDONESIA,11/01/2025,SURABAYA,IDR,,,CBD,,CSCUYN7AKJ,PANASONIC CS/CU-YN7AKJ,30,3442554,,SET,GD. UTAMA (SBY) - CBP,,,,,,,
179,PO.2025.01.00047,PT PANASONIC GOBEL INDONESIA,11/01/2025,SURABAYA,IDR,,,CBD,,CSCUYN9AKJ,PANASONIC CS/CU-YN9AKJ,130,3603393,,SET,GD. UTAMA (SBY) - CBP,,,,,,,
180,PO.2025.01.00040,CV BALLY AIRCOND,10/01/2025,BALI,IDR,,,CBD,,GWC12N1A,GREE GWC-12N1A,15,4587550,,SET,GD. UTAMA (BALI) - CBP,,,,,,,
181,PO.2025.01.00042,CV BALLY AIRCOND,11/01/2025,BALI,IDR,,,CBD,,GWC07MOO5S,GREE GWC-07MOO5S,5,3045991,,SET,GD. UTAMA (BALI) - CBP,,,,,,,
182,PO.2025.01.00042,CV BALLY AIRCOND,11/01/2025,BALI,IDR,,,CBD,,GWC09MOO5S,GREE GWC-09MOO5S,15,3157252,,SET,GD. UTAMA (BALI) - CBP,,,,,,,
183,PO.2025.01.00042,CV BALLY AIRCOND,11/01/2025,BALI,IDR,,,CBD,,GWC09F5S,GREE GWC-09F5S,5,3936081,,SET,GD. UTAMA (BALI) - CBP,,,,,,,
184,PO.2025.01.00043,CV MIAMI ELECTRONIC,11/01/2025,SURABAYA,IDR,,,CBD,,GWC05C3ES,GREE GWC-05C3ES,8,3007000,,SET,GD. UTAMA (SBY) - CBP,,,,,,,
185,PO.2025.01.00044,PT MIDEA PLANET INDONESIA,11/01/2025,BALI,IDR,,,CBD,,MSFC09CRN2X,MIDEA MSFC09CRN2X,110,2653629,,SET,GD. UTAMA (BALI) - CBP,,,,,,,
186,PO.2025.01.00046,PT HISENSE INTERNATIONAL INDONESIA,11/01/2025,SURABAYA,IDR,,,NET 45,,AN09CDG,HISENSE AN09CDG,20,2780000,,SET,GD. UTAMA (BALI) - CBP,,,,,,,
187,PO.2025.01.00054,PT DAIKIN AIRCONDITIONING INDONESIA,13/01/2025,SURABAYA,IDR,,,CBD,,MKC70RVM4,DAIKIN MKC70RVM4,2,12205116,,SET,GD. UTAMA (SBY) - CBP,,,,,,,
188,PO.2025.01.00058,PT TRIMASTER JAYA ABADI,13/01/2025,SURABAYA,IDR,,,NET 30,,GEVER1412,"GEVER INVERTER 1/4-1/2""",3,2094595,,MTR,GD. UTAMA (SBY) - CBP,,,,,,,
189,PO.2025.01.00058,PT TRIMASTER JAYA ABADI,13/01/2025,SURABAYA,IDR,,,NET 30,,GEVER1438,"GEVER INVERTER 1/4-3/8""",8,15990991,,MTR,GD. UTAMA (SBY) - CBP,,,,,,,
190,PO.2025.01.00053,PT MIDEA PLANET INDONESIA,13/01/2025,SURABAYA,IDR,,,CBD,,MCD18CRN,MIDEA MCD-18CRN,3,8697990,,SET,GD. UTAMA (SBY) - CBP,,,,,,,
191,PO.2025.01.00055,PT GENERGY GLOBAL INDONESIA,13/01/2025,SURABAYA,IDR,,,CBD,,MCD18CRDN2,MIDEA MCD-18CRDN2,1,8700000,,SET,GD. UTAMA (SBY) - CBP,,,,,,,
192,PO.2025.01.00050,CV MULTI GUNA SELARAS,11/01/2025,SURABAYA,IDR,,,CBD,,FDF125CSV,MITSUBISHI HEAVY INDUSTRIES FDF125CSV,1,24927210,,SET,GD. UTAMA (SBY) - CBP,,,,,,,
193,PO.2025.01.00052,PT DAIKIN AIRCONDITIONING INDONESIA,13/01/2025,SURABAYA,IDR,,,CBD,,STC50XV,DAIKIN STC-50XV,10,6514060,,SET,GD. UTAMA (SBY) - CBP,,,,,,,
194,PO.2025.01.00052,PT DAIKIN AIRCONDITIONING INDONESIA,13/01/2025,SURABAYA,IDR,,,CBD,,STV15CXV,DAIKIN STV-15CXV,3,3315340,,SET,GD. UTAMA (SBY) - CBP,,,,,,,
195,PO.2025.01.00052,PT DAIKIN AIRCONDITIONING INDONESIA,13/01/2025,SURABAYA,IDR,,,CBD,,STV35CXV,DAIKIN STV-35CXV,3,4506530,,SET,GD. UTAMA (SBY) - CBP,,,,,,,
196,PO.2025.01.00052,PT DAIKIN AIRCONDITIONING INDONESIA,13/01/2025,SURABAYA,IDR,,,CBD,,STV50CXV,DAIKIN STV-50CXV,5,5987846,,SET,GD. UTAMA (SBY) - CBP,,,,,,,
197,PO.2025.01.00056,PT DAIKIN AIRCONDITIONING INDONESIA,13/01/2025,SURABAYA,IDR,,,CBD,,STV25CXV,DAIKIN STV-25CXV,10,3598560,,SET,GD. UTAMA (SBY) - CBP,,,,,,,
198,PO.2025.01.00054,PT DAIKIN AIRCONDITIONING INDONESIA,13/01/2025,SURABAYA,IDR,,,CBD,,CTKC25RVM4,DAIKIN CTKC25RVM4,3,2644442,,SET,GD. UTAMA (SBY) - CBP,,,,,,,
199,PO.2025.01.00054,PT DAIKIN AIRCONDITIONING INDONESIA,13/01/2025,SURABAYA,IDR,,,CBD,,CTKC35RVM4,DAIKIN CTKC35RVM4,1,2847860,,SET,GD. UTAMA (SBY) - CBP,,,,,,,
200,PO.2025.01.00054,PT DAIKIN AIRCONDITIONING INDONESIA,13/01/2025,SURABAYA,IDR,,,CBD,,CTKC50RVM4,DAIKIN CTKC50RVM4,2,5085465,,SET,GD. UTAMA (SBY) - CBP,,,,,,,
201,PO.2025.01.00049,PT FLIFE TECHNOLOGIES INDONESIA,11/01/2025,SURABAYA,IDR,,,CBD,,FAC05FC00,FLIFE FAC-05FC00,3,2790810,,SET,GD. UTAMA (SBY) - CBP,,,,,,,
202,PO.2025.01.00049,PT FLIFE TECHNOLOGIES INDONESIA,11/01/2025,SURABAYA,IDR,,,CBD,,FAC09FC00,FLIFE FAC-09FC00,1,3167010,,SET,GD. UTAMA (SBY) - CBP,,,,,,,
203,PO.2025.01.00051,PT TRIWIRA TEKNO MANDIRI,11/01/2025,SURABAYA,IDR,,,NET 30,,CSC09NVB4,CHANGHONG CSC-09NVB4,10,2500000,,SET,GD. UTAMA (SBY) - CBP,,,,,,,
204,PO.2025.01.00051,PT TRIWIRA TEKNO MANDIRI,11/01/2025,SURABAYA,IDR,,,NET 30,,CSC09NVC4,CHANGHONG CSC-09NVC4,10,2500000,,SET,GD. UTAMA (SBY) - CBP,,,,,,,
205,PO.2025.01.00048,PT PANASONIC GOBEL INDONESIA,11/01/2025,SURABAYA,IDR,,,NET 28,,CSCUPU9AKJ,PANASONIC CS/CU-PU9AKJ,3,5379060,,SET,GD. UTAMA (SBY) - CBP,,,,,,,
206,PO.2025.01.00057,PT SUMBER MANDIRI SURABAYA,13/01/2025,SURABAYA,IDR,,,CBD,,HDSPIRALDRAIN,HD SPIRAL DRAIN,15,98000,,MTR,GD. UTAMA (SBY) - CBP,,,,,,,
207,PO.2025.01.00052,PT DAIKIN AIRCONDITIONING INDONESIA,13/01/2025,SURABAYA,IDR,,,CBD,,STC15NV,DAIKIN STC-15NV,5,3623550,,SET,GD. UTAMA (SBY) - CBP,,,,,,,
208,PO.2025.01.00052,PT DAIKIN AIRCONDITIONING INDONESIA,13/01/2025,SURABAYA,IDR,,,CBD,,STC25NV,DAIKIN STC-25NV,20,3940090,,SET,GD. UTAMA (SBY) - CBP,,,,,,,
209,PO.2025.01.00052,PT DAIKIN AIRCONDITIONING INDONESIA,13/01/2025,SURABAYA,IDR,,,CBD,,STC35NV,DAIKIN STC-35NV,5,4889710,,SET,GD. UTAMA (SBY) - CBP,,,,,,,
210,PO.2025.01.00063,PT DAIKIN AIRCONDITIONING INDONESIA,13/01/2025,MADIUN,IDR,,,CBD,,STC15NV,DAIKIN STC-15NV,10,3623550,,SET,GD. UTAMA (MDN) - CBP,,,,,,,
211,PO.2025.01.00063,PT DAIKIN AIRCONDITIONING INDONESIA,13/01/2025,MADIUN,IDR,,,CBD,,STC50XV,DAIKIN STC-50XV,10,6514060,,SET,GD. UTAMA (MDN) - CBP,,,,,,,
212,PO.2025.01.00137,PT HISENSE INTERNATIONAL INDONESIA,28/01/2025,SURABAYA,IDR,,,NET 45,,AN09CDG,HISENSE AN09CDG,100,2621000,,SET,GD. UTAMA (SBY) - CBP,,,,,,,
213,PO.2025.01.00063,PT DAIKIN AIRCONDITIONING INDONESIA,13/01/2025,MADIUN,IDR,,,CBD,,STV15CXV,DAIKIN STV-15CXV,10,3315340,,SET,GD. UTAMA (MDN) - CBP,,,,,,,
214,PO.2025.01.00063,PT DAIKIN AIRCONDITIONING INDONESIA,13/01/2025,MADIUN,IDR,,,CBD,,STV35CXV,DAIKIN STV-35CXV,5,4506530,,SET,GD. UTAMA (MDN) - CBP,,,,,,,
215,PO.2025.01.00063,PT DAIKIN AIRCONDITIONING INDONESIA,13/01/2025,MADIUN,IDR,,,CBD,,STV50CXV,DAIKIN STV-50CXV,10,5987846,,SET,GD. UTAMA (MDN) - CBP,,,,,,,
216,PO.2025.01.00062,PT ECART WEBPORTAL INDONESIA,01/01/2025,SURABAYA,IDR,,,CBD,,BA,BIAYA ADMINISTRASI,1,92440,,LOT,,,,,,,,
217,PO.2025.01.00140,,30/01/2025,SURABAYA,USD,,,CBD,,A1412,"ARA 1/4""-1/2"" (0,60-0,60)",50,99.4,,MTR,GD. UTAMA (SBY) - CBP,,,,,,,
218,PO.2025.01.00140,,30/01/2025,SURABAYA,USD,,,CBD,,P1458,"ZUTTO 1/4""-5/8"" (0,61-0,71)",68,136.3,,MTR,GD. UTAMA (SBY) - CBP,,,,,,,
219,PO.2025.01.00140,,30/01/2025,SURABAYA,USD,,,CBD,,B1458,"ZUTTO 1/4""-5/8"" (0,76-0,89)",30,165.8,,MTR,GD. UTAMA (SBY) - CBP,,,,,,,
220,PO.2025.01.00139,,30/01/2025,SURABAYA,USD,,,CBD,,P1458,"ZUTTO 1/4""-5/8"" (0,61-0,71)",50,139.3,,MTR,GD. UTAMA (SBY) - CBP,,,,,,,
221,PO.2025.01.00139,,30/01/2025,SURABAYA,USD,,,CBD,,P3858,"ZUTTO 3/8""-5/8"" (0,61-0,71)",25,156.2,,MTR,GD. UTAMA (SBY) - CBP,,,,,,,
222,PO.2025.01.00139,,30/01/2025,SURABAYA,USD,,,CBD,,,,50,16.89,,MTR,GD. UTAMA (SBY) - CBP,,,,,,,
223,PO.2025.01.00140,,30/01/2025,SURABAYA,USD,,,CBD,,A1438,"ARA 1/4""-3/8"" (0,60-0,60)",100,79.2,,MTR,GD. UTAMA (SBY) - CBP,,,,,,,
224,PO.2025.01.00140,,30/01/2025,SURABAYA,USD,,,CBD,,B3858,"ZUTTO 3/8""-5/8"" (0,81-0,89)",30,190,,MTR,GD. UTAMA (SBY) - CBP,,,,,,,
225,PO.2025.01.00064,PT JATIM WATKORAYA,13/01/2025,SURABAYA,IDR,,,CBD,,ETERNA2X1.5MM,"ETERNA 2X1,5MM",18,919912.5,,MTR,GD. UTAMA (SBY) - CBP,,,,,,,
226,PO.2025.01.00064,PT JATIM WATKORAYA,13/01/2025,SURABAYA,IDR,,,CBD,,STEKER,MASKO STEKER,240,25456.2,,BH,GD. UTAMA (SBY) - CBP,,,,,,,
227,PO.2025.01.00065,PT TRIMASTER JAYA ABADI,14/01/2025,SURABAYA,IDR,,,NET 30,,TAC09CSDXS,TCL TAC09CSD/XS,5,2650000,,SET,GD. UTAMA (SBY) - CBP,,,,,,,
228,PO.2025.01.00067,CV BANDUNG GEMILANG SENTOSA,14/01/2025,SURABAYA,IDR,,,CBD,,GWC0707CS,GREE GWC0707CS,1,8111260,,SET,GD. UTAMA (SBY) - CBP,,,,,,,
229,PO.2025.01.00066,PT DAIKIN AIRCONDITIONING INDONESIA,14/01/2025,SURABAYA,IDR,,,CBD,,STC25NV,DAIKIN STC-25NV,5,3940090,,SET,GD. UTAMA (SBY) - CBP,,,,,,,
230,PO.2025.01.00066,PT DAIKIN AIRCONDITIONING INDONESIA,14/01/2025,SURABAYA,IDR,,,CBD,,STKF35AV,DAIKIN STKF-35AV,1,5475360,,SET,GD. UTAMA (SBY) - CBP,,,,,,,
231,PO.2025.01.00064,PT JATIM WATKORAYA,13/01/2025,SURABAYA,IDR,,,CBD,,ETERNA3X2.5MM,"ETERNA 3X2,5MM",15,853867,,MTR,GD. UTAMA (SBY) - CBP,,,,,,,
232,PO.2025.01.00061,PT PANASONIC GOBEL INDONESIA,13/01/2025,SURABAYA,IDR,,,NET 28,,CSCULN7AKJ,PANASONIC CS/CU-LN7AKJ,5,3924960,,SET,GD. UTAMA (SBY) - CBP,,,,,,,
233,PO.2025.01.00061,PT PANASONIC GOBEL INDONESIA,13/01/2025,SURABAYA,IDR,,,NET 28,,CSCUPN5AKJ,PANASONIC CS/CU-PN5AKJ,5,4277990,,SET,GD. UTAMA (SBY) - CBP,,,,,,,
234,PO.2025.01.00061,PT PANASONIC GOBEL INDONESIA,13/01/2025,SURABAYA,IDR,,,NET 28,,CSCUPN9AKJ,PANASONIC CS/CU-PN9AKJ,5,4584300,,SET,GD. UTAMA (SBY) - CBP,,,,,,,
235,PO.2025.01.00059,CV BANDUNG GEMILANG SENTOSA,13/01/2025,SURABAYA,IDR,,,CBD,,GVC48STSSECO,GREE GVC-48STS(S)ECO,1,19586800,,SET,GD. UTAMA (SBY) - CBP,,,,,,,
236,PO.2025.01.00059,CV BANDUNG GEMILANG SENTOSA,13/01/2025,SURABAYA,IDR,,,CBD,,GTAACOOL6,GREE GTA-ACOOL6,1,1221060,,UNIT,GD. UTAMA (SBY) - CBP,,,,,,,
237,PO.2025.01.00081,PT SARANA KENCANA MULYA,13/01/2025,MADIUN,IDR,,,NET 28,,PAC07VH,POLYTRON PAC07VH,7,2293710,,SET,GD. UTAMA (SBY) - CBP,,,,,,,
238,PO.2025.01.00072,PT TRIMASTER JAYA ABADI,14/01/2025,SURABAYA,IDR,,,CBD,,,,25,3495870,,SET,GD. UTAMA (SBY) - CBP,,,,,,,
239,PO.2025.01.00076,CV JAYA ARTHA SEJAHTERA,15/01/2025,SURABAYA,IDR,,,CBD,,ZUTTO2.5PK,"ZUTTO BRAKET 2,5 PK",2060,33963.965,,SET,GD. UTAMA (SBY) - CBP,,,,,,,
240,PO.2025.01.00060,CV BALLY AIRCOND,13/01/2025,BALI,IDR,,,CBD,,GCAACOOL60,GREE GCA-ACOOL60,4,2365500,,UNIT,GD. UTAMA (BALI) - CBP,,,,,,,
241,PO.2025.01.00068,CV BALLY AIRCOND,14/01/2025,BALI,IDR,,,CBD,,GTAACOOL4,GREE GTA-ACOOL4,3,901550,,UNIT,GD. UTAMA (BALI) - CBP,,,,,,,
242,PO.2025.01.00068,CV BALLY AIRCOND,14/01/2025,BALI,IDR,,,CBD,,GWC18F5S,GREE GWC-18F5S,2,7409050,,SET,GD. UTAMA (BALI) - CBP,,,,,,,
243,PO.2025.01.00078,CV JAYA ARTHA SEJAHTERA,15/01/2025,SURABAYA,IDR,,,CBD,,ZUTTO1PK,ZUTTO BRAKET 1 PK,5000,24684.686,,SET,GD. UTAMA (SBY) - CBP,,,,,,,
244,PO.2025.01.00073,PT GENERGY GLOBAL INDONESIA,14/01/2025,SURABAYA,IDR,,,CBD,,MCD18CRDN2,MIDEA MCD-18CRDN2,1,8700000,,SET,GD. UTAMA (SBY) - CBP,,,,,,,
245,PO.2025.01.00076,CV JAYA ARTHA SEJAHTERA,15/01/2025,SURABAYA,IDR,,,CBD,,ZUTTO1PK,ZUTTO BRAKET 1 PK,5040,24684.686,,SET,GD. UTAMA (SBY) - CBP,,,,,,,
246,PO.2025.01.00077,CV JAYA ARTHA SEJAHTERA,15/01/2025,SURABAYA,IDR,,,CBD,,ZUTTO2.5PK,"ZUTTO BRAKET 2,5 PK",1500,33963.965,,SET,GD. UTAMA (SBY) - CBP,,,,,,,
247,PO.2025.01.00078,CV JAYA ARTHA SEJAHTERA,15/01/2025,SURABAYA,IDR,,,CBD,,ZUTTO2.5PK,"ZUTTO BRAKET 2,5 PK",1600,33963.965,,SET,GD. UTAMA (SBY) - CBP,,,,,,,
248,PO.2025.01.00080,CV JAYA ARTHA SEJAHTERA,15/01/2025,SURABAYA,IDR,,,CBD,,ZUTTO1PK,ZUTTO BRAKET 1 PK,4000,24684.686,,SET,GD. UTAMA (SBY) - CBP,,,,,,,
249,PO.2025.01.00069,CV MUARA PERKASA,14/01/2025,BALI,IDR,,,CBD,,GWC05MOO5S,GREE GWC-05MOO5S,20,2702702.74,,SET,GD. UTAMA (BALI) - CBP,,,,,,,
250,PO.2025.01.00019,PT SARANA KENCANA MULYA,06/01/2025,SURABAYA,IDR,,,NET 28,,PAC09VH,POLYTRON PAC09VH,207,2324344.2,,SET,GD. UTAMA (SBY) - CBP,,,,,,,
251,PO.2025.01.00079,PT AKARI INDONESIA,15/01/2025,BALI,IDR,,,NET 30,,A09TC88NLW,AKARI A09TC88NLW,10,2750000,,SET,GD. UTAMA (BALI) - CBP,,,,,,,
252,PO.2025.01.00081,PT SARANA KENCANA MULYA,13/01/2025,MADIUN,IDR,,,NET 28,,PAC05VZI,POLYTRON PAC05VZI,3,2274510,,SET,GD. UTAMA (SBY) - CBP,,,,,,,
253,PO.2025.01.00075,PT PANASONIC GOBEL INDONESIA,15/01/2025,SURABAYA,IDR,,,NET 28,,CSCULN5AKJ,PANASONIC CS/CU-LN5AKJ,10,3740478,,SET,GD. UTAMA (SBY) - CBP,,,,,,,
254,PO.2025.01.00070,SAMI JAYA,14/01/2025,SURABAYA,IDR,,,CBD,,,,30,3010000,,SET,GD. UTAMA (SBY) - CBP,,,,,,,
255,PO.2025.01.00006,PT CHANGHONG MEILING ELECTRIC INDONESIA,03/01/2025,SURABAYA,IDR,,,NET 60,,CSC12NVB4,CHANGHONG CSC-12NVB4,3,3601500,,SET,GD. UTAMA (SBY) - CBP,,,,,,,
256,PO.2025.01.00067,CV BANDUNG GEMILANG SENTOSA,14/01/2025,SURABAYA,IDR,,,CBD,,GWC12F5S,GREE GWC-12F5S,2,5187860,,SET,GD. UTAMA (SBY) - CBP,,,,,,,
257,PO.2025.01.00083,PT TOKOPEDIA,01/01/2025,SURABAYA,IDR,,,CBD,,BO FEE,BEBAS ONGKIR FEE,1,433920,,LOT,,,,,,,,
258,PO.2025.01.00071,CV BANDUNG GEMILANG SENTOSA,14/01/2025,SURABAYA,IDR,,,CBD,,GU140TAK,GREE GU140T/A-K,2,22140000,,SET,GD. UTAMA (SBY) - CBP,,,,,,,
259,PO.2025.01.00074,CV BANDUNG GEMILANG SENTOSA,15/01/2025,SURABAYA,IDR,,,CBD,,,,1,1199000,,UNIT,GD. UTAMA (SBY) - CBP,,,,,,,
260,PO.2025.01.00084,PT TOKOPEDIA,01/01/2025,SURABAYA,IDR,,,CBD,,SF,SERVICE FEE,1,5774614,,LOT,,,,,,,,
261,PO.2025.01.00082,PT SHARP ELECTRONICS INDONESIA,16/01/2025,BALI,IDR,,,NET 21,,AHA18ZCY,SHARP AH-A18ZCY,5,5294000,,SET,GD. UTAMA (BALI) - CBP,,,,,,,
262,PO.2025.01.00077,CV JAYA ARTHA SEJAHTERA,15/01/2025,SURABAYA,IDR,,,CBD,,ZUTTO1PK,ZUTTO BRAKET 1 PK,5000,24684.686,,SET,GD. UTAMA (SBY) - CBP,,,,,,,
263,PO.2025.01.00085,PT TOKOPEDIA,01/01/2025,SURABAYA,IDR,,,CBD,,TF,TRANSACTION FEE,1,1387122,,LOT,,,,,,,,
264,PO.2025.01.00088,PT TRIMASTER JAYA ABADI,16/01/2025,SURABAYA,IDR,,,CBD,,GWC18N1A,GREE GWC-18N1A,15,6044070,,SET,GD. UTAMA (SBY) - CBP,,,,,,,
265,PO.2025.01.00088,PT TRIMASTER JAYA ABADI,16/01/2025,SURABAYA,IDR,,,CBD,,FM12512K,GREE FM-1.25-12-K,4,2835570,,UNIT,GD. UTAMA (SBY) - CBP,,,,,,,
266,PO.2025.01.00086,PT TOKOPEDIA,01/01/2025,BALI,IDR,,,CBD,,SF,SERVICE FEE,1,8776040,,LOT,,,,,,,,
267,PO.2025.01.00090,PT PANASONIC GOBEL INDONESIA,17/01/2025,SURABAYA,IDR,,,CBD,,CSCUZN5YKP,PANASONIC CS/CU-ZN5YKP,50,2794980,,SET,GD. UTAMA (SBY) - CBP,,,,,,,
268,PO.2025.01.00087,PT TOKOPEDIA,01/01/2025,BALI,IDR,,,CBD,,TF,TRANSACTION FEE,1,3038714,,LOT,,,,,,,,
269,PO.2025.01.00089,CV MIAMI ELECTRONIC,16/01/2025,SURABAYA,IDR,,,CBD,,GWC0707CS,GREE GWC0707CS,1,8024970,,SET,GD. UTAMA (SBY) - CBP,,,,,,,
270,PO.2025.01.00090,PT PANASONIC GOBEL INDONESIA,17/01/2025,SURABAYA,IDR,,,CBD,,CSCUZN7YKP,PANASONIC CS/CU-ZN7YKP,50,2981460,,SET,GD. UTAMA (SBY) - CBP,,,,,,,
271,PO.2025.01.00090,PT PANASONIC GOBEL INDONESIA,17/01/2025,SURABAYA,IDR,,,CBD,,CSCUZN9YKP,PANASONIC CS/CU-ZN9YKP,150,3094680,,SET,GD. UTAMA (SBY) - CBP,,,,,,,
272,PO.2025.01.00091,PT JATIM WATKORAYA,17/01/2025,SURABAYA,IDR,,,CBD,,ETERNA3X1.5MM,"ETERNA 3X1,5MM",5,1182520,,MTR,GD. UTAMA (SBY) - CBP,,,,,,,
273,PO.2025.01.00091,PT JATIM WATKORAYA,17/01/2025,SURABAYA,IDR,,,CBD,,ETERNA3X1.5MM,"ETERNA 3X1,5MM",1,591260,,MTR,GD. UTAMA (SBY) - CBP,,,,,,,
274,PO.2025.01.00150,PT CHANGHONG MEILING ELECTRIC INDONESIA,30/01/2025,SURABAYA,IDR,,,NET 60,,CSC18NVB3,CHANGHONG CSC-18NVB3,20,4753000,,SET,GD. UTAMA (SBY) - CBP,,,,,,,
275,PO.2025.01.00155,PT DAIKIN AIRCONDITIONING INDONESIA,31/01/2025,BALI,IDR,,,CBD,,STC50XV,DAIKIN STC-50XV,5,6514060,,SET,GD. UTAMA (BALI) - CBP,,,,,,,
276,PO.2025.01.00155,PT DAIKIN AIRCONDITIONING INDONESIA,31/01/2025,BALI,IDR,,,CBD,,STKQ25UV,DAIKIN STKQ-25UV,2,4347070,,SET,GD. UTAMA (BALI) - CBP,,,,,,,
277,PO.2025.01.00155,PT DAIKIN AIRCONDITIONING INDONESIA,31/01/2025,BALI,IDR,,,CBD,,STKQ35UV,DAIKIN STKQ-35UV,4,5793600,,SET,GD. UTAMA (BALI) - CBP,,,,,,,
278,PO.2025.01.00094,CV BANDUNG GEMILANG SENTOSA,17/01/2025,SURABAYA,IDR,,,CBD,,GWC09MOO5S,GREE GWC-09MOO5S,29,3467660,,SET,GD. UTAMA (SBY) - CBP,,,,,,,
279,PO.2025.01.00092,CV BALLY AIRCOND,17/01/2025,BALI,IDR,,,CBD,,GWC18N1A,GREE GWC-18N1A,15,6174050,,SET,GD. UTAMA (BALI) - CBP,,,,,,,
280,PO.2025.01.00095,PT DAIKIN AIRCONDITIONING INDONESIA,15/01/2025,SURABAYA,IDR,,,CBD,,STC25NV,DAIKIN STC-25NV,20,3940090,,SET,GD. UTAMA (SBY) - CBP,,,,,,,
281,PO.2025.01.00095,PT DAIKIN AIRCONDITIONING INDONESIA,15/01/2025,SURABAYA,IDR,,,CBD,,STC50XV,DAIKIN STC-50XV,15,6514060,,SET,GD. UTAMA (SBY) - CBP,,,,,,,
282,PO.2025.01.00095,PT DAIKIN AIRCONDITIONING INDONESIA,15/01/2025,SURABAYA,IDR,,,CBD,,STKQ50UV,DAIKIN STKQ-50UV,2,8388480,,SET,GD. UTAMA (SBY) - CBP,,,,,,,
283,PO.2025.01.00095,PT DAIKIN AIRCONDITIONING INDONESIA,15/01/2025,SURABAYA,IDR,,,CBD,,STKQ60UV,DAIKIN STKQ-60UV,1,11938080,,SET,GD. UTAMA (SBY) - CBP,,,,,,,
284,PO.2025.01.00095,PT DAIKIN AIRCONDITIONING INDONESIA,15/01/2025,SURABAYA,IDR,,,CBD,,STV35CXV,DAIKIN STV-35CXV,6,4506530,,SET,GD. UTAMA (SBY) - CBP,,,,,,,
285,PO.2025.01.00150,PT CHANGHONG MEILING ELECTRIC INDONESIA,30/01/2025,SURABAYA,IDR,,,NET 60,,CSC12NVB4,CHANGHONG CSC-12NVB4,10,3601500,,SET,GD. UTAMA (SBY) - CBP,,,,,,,
286,PO.2025.01.00110,CV BANDUNG GEMILANG SENTOSA,22/01/2025,SURABAYA,IDR,,,CBD,,GU140TAK,GREE GU140T/A-K,2,22140000,,SET,GD. UTAMA (SBY) - CBP,,,,,,,
287,PO.2025.01.00109,PT SARANA KENCANA MULYA,21/01/2025,SURABAYA,IDR,,,NET 28,,PSF2032,POLYTRON PSF2032,2,6882075,,SET,GD. UTAMA (SBY) - CBP,,,,,,,
288,PO.2025.01.00102,CV BANDUNG GEMILANG SENTOSA,20/01/2025,MADIUN,IDR,,,CBD,,GVC48STSSECO,GREE GVC-48STS(S)ECO,3,17262162,,SET,GD. UTAMA (MDN) - CBP,,,,,,,
289,PO.2025.01.00096,PT DAIKIN AIRCONDITIONING INDONESIA,16/01/2025,SURABAYA,IDR,,,CBD,,,,4,187000,,PCS,GD. UTAMA (SBY) - CBP,,,,,,,
290,PO.2025.01.00103,PT DAIKIN AIRCONDITIONING INDONESIA,20/01/2025,SURABAYA,IDR,,,CBD,,STKQ25UV,DAIKIN STKQ-25UV,3,4347070,,SET,GD. UTAMA (SBY) - CBP,,,,,,,
291,PO.2025.01.00105,PT SARANA KENCANA MULYA,21/01/2025,SURABAYA,IDR,,,NET 28,,PAC09VZ,POLYTRON PAC09VZ,2,2497755,,SET,GD. UTAMA (SBY) - CBP,,,,,,,
292,PO.2025.01.00103,PT DAIKIN AIRCONDITIONING INDONESIA,20/01/2025,SURABAYA,IDR,,,CBD,,STV50CXV,DAIKIN STV-50CXV,8,5987846,,SET,GD. UTAMA (SBY) - CBP,,,,,,,
293,PO.2025.01.00107,PT SHARP ELECTRONICS INDONESIA,21/01/2025,BALI,IDR,,,NET 21,,AHAP5BMY,SHARP AH-AP5BMY,5,2989230,,SET,GD. UTAMA (BALI) - CBP,,,,,,,
294,PO.2025.01.00107,PT SHARP ELECTRONICS INDONESIA,21/01/2025,BALI,IDR,,,NET 21,,AHAP9BMY,SHARP AH-AP9BMY,5,3307800,,SET,GD. UTAMA (BALI) - CBP,,,,,,,
295,PO.2025.01.00111,PT AKARI INDONESIA,22/01/2025,SURABAYA,IDR,,,NET 30,,A09TC88NLW,AKARI A09TC88NLW,5,2750000,,SET,GD. UTAMA (SBY) - CBP,,,,,,,
296,PO.2025.01.00101,PT CHANGHONG MEILING ELECTRIC INDONESIA,20/01/2025,SURABAYA,IDR,,,NET 60,,CHFS48LA,CHANGHONG CHFS-48LA,2,15300000,,SET,GD. UTAMA (SBY) - CBP,,,,,,,
297,PO.2025.01.00104,PT PUCANGADI JAYA,20/01/2025,BALI,IDR,,,CBD,,GWC07MOO5S,GREE GWC-07MOO5S,8,3345460,,SET,GD. UTAMA (BALI) - CBP,,,,,,,
298,PO.2025.01.00099,PT PUCANGADI JAYA,18/01/2025,BALI,IDR,,,CBD,,GWC09MOO5S,GREE GWC-09MOO5S,15,3467660,,SET,GD. UTAMA (BALI) - CBP,,,,,,,
299,PO.2025.01.00106,PT BERKAT ELEKTRIK SEJATI TANGGUH,21/01/2025,BALI,IDR,,,NET 60,,,,1,15998089,,SET,GD. UTAMA (BALI) - CBP,,,,,,,
300,PO.2025.01.00100,PT PANASONIC GOBEL INDONESIA,18/01/2025,SURABAYA,IDR,,,NET 28,,CSCUPN18AKJ,PANASONIC CS/CU-PN18AKJ,10,6774330,,SET,GD. UTAMA (SBY) - CBP,,,,,,,
301,PO.2025.01.00103,PT DAIKIN AIRCONDITIONING INDONESIA,20/01/2025,SURABAYA,IDR,,,CBD,,STC20NV,DAIKIN STC-20NV,3,3765160,,SET,GD. UTAMA (SBY) - CBP,,,,,,,
302,PO.2025.01.00103,PT DAIKIN AIRCONDITIONING INDONESIA,20/01/2025,SURABAYA,IDR,,,CBD,,STC35NV,DAIKIN STC-35NV,8,4889710,,SET,GD. UTAMA (SBY) - CBP,,,,,,,
303,PO.2025.01.00103,PT DAIKIN AIRCONDITIONING INDONESIA,20/01/2025,SURABAYA,IDR,,,CBD,,STC50XV,DAIKIN STC-50XV,5,6514060,,SET,GD. UTAMA (SBY) - CBP,,,,,,,
304,PO.2025.01.00098,CV BALLY AIRCOND,18/01/2025,BALI,IDR,,,CBD,,GWC12N1A,GREE GWC-12N1A,15,4132928,,SET,GD. UTAMA (BALI) - CBP,,,,,,,
305,PO.2025.01.00112,AINUR ROFIQ,22/01/2025,SURABAYA,IDR,,,CBD,,MATERIAL-AC,MATERIAL AC,1,389000,,LOT,GD. UTAMA (SBY) - CBP,,,,,,,
306,PO.2025.01.00097,PT DAIKIN AIRCONDITIONING INDONESIA,17/01/2025,BALI,IDR,,,CBD,,STKQ25UV,DAIKIN STKQ-25UV,4,4347070,,SET,GD. UTAMA (BALI) - CBP,,,,,,,
307,PO.2025.01.00114,PT TRIMASTER JAYA ABADI,22/01/2025,SURABAYA,IDR,,,NET 30,,GEVER1438,"GEVER INVERTER 1/4-3/8""",10,1599099.1,,MTR,GD. UTAMA (SBY) - CBP,,,,,,,
308,PO.2025.01.00097,PT DAIKIN AIRCONDITIONING INDONESIA,17/01/2025,BALI,IDR,,,CBD,,STKQ35UV,DAIKIN STKQ-35UV,2,5793600,,SET,GD. UTAMA (BALI) - CBP,,,,,,,
309,PO.2025.01.00097,PT DAIKIN AIRCONDITIONING INDONESIA,17/01/2025,BALI,IDR,,,CBD,,STV60CXV,DAIKIN STV-60CXV,5,8471610,,SET,GD. UTAMA (BALI) - CBP,,,,,,,
310,PO.2025.01.00115,PT SAMSUNG ELECTRONICS INDONESIA,22/01/2025,SURABAYA,IDR,,,NET 55,,AR10CYFAA,SAMSUNG AR10CYFAA,1,0,,SET,GD. UTAMA (SBY) - CBP,,,,,,,
311,PO.2025.01.00115,PT SAMSUNG ELECTRONICS INDONESIA,22/01/2025,SURABAYA,IDR,,,NET 55,,,,1,0,,UNIT,GD. UTAMA (SBY) - CBP,,,,,,,
312,PO.2025.01.00116,PT MIDEA PLANET INDONESIA,22/01/2025,SURABAYA,IDR,,,CBD,,MSAF12CRN2,MIDEA MSAF12CRN2,15,3714858,,SET,GD. UTAMA (SBY) - CBP,,,,,,,
313,PO.2025.01.00118,PT DAIKIN AIRCONDITIONING INDONESIA,23/01/2025,SURABAYA,IDR,,,CBD,,STC25NV,DAIKIN STC-25NV,5,3940090,,SET,GD. UTAMA (SBY) - CBP,,,,,,,
314,PO.2025.01.00117,CV MIAMI ELECTRONIC,22/01/2025,SURABAYA,IDR,,,CBD,,FM12512K,GREE FM-1.25-12-K,3,2835570,,UNIT,GD. UTAMA (SBY) - CBP,,,,,,,
315,PO.2025.01.00118,PT DAIKIN AIRCONDITIONING INDONESIA,23/01/2025,SURABAYA,IDR,,,CBD,,STC20NV,DAIKIN STC-20NV,3,3765160,,SET,GD. UTAMA (SBY) - CBP,,,,,,,
316,PO.2025.01.00116,PT MIDEA PLANET INDONESIA,22/01/2025,SURABAYA,IDR,,,CBD,,MSIAF09CRDN2X,MIDEA MSIAF09CRDN2X,7,3378510,,SET,GD. UTAMA (SBY) - CBP,,,,,,,
317,PO.2025.01.00139,,30/01/2025,SURABAYA,USD,,,CBD,,S1438,"ZUTTO 1/4""-3/8"" (0,40-0,45)",60,67.1,,MTR,GD. UTAMA (SBY) - CBP,,,,,,,
318,PO.2025.01.00139,,30/01/2025,SURABAYA,USD,,,CBD,,A1438,"ARA 1/4""-3/8"" (0,60-0,60)",150,80.9,,MTR,GD. UTAMA (SBY) - CBP,,,,,,,
319,PO.2025.01.00139,,30/01/2025,SURABAYA,USD,,,CBD,,P1438,"ZUTTO 1/4""-3/8"" (0,61-0,61)",120,87.6,,MTR,GD. UTAMA (SBY) - CBP,,,,,,,
320,PO.2025.01.00116,PT MIDEA PLANET INDONESIA,22/01/2025,SURABAYA,IDR,,,CBD,,MSFC12CRN1-32,MIDEA MSFC12CRN1-32,15,3537930,,SET,GD. UTAMA (SBY) - CBP,,,,,,,
321,PO.2025.01.00116,PT MIDEA PLANET INDONESIA,22/01/2025,SURABAYA,IDR,,,CBD,,MSAF18CRN2,MIDEA MSAF18CRN2,30,5017519,,SET,GD. UTAMA (SBY) - CBP,,,,,,,
322,PO.2025.01.00116,PT MIDEA PLANET INDONESIA,22/01/2025,SURABAYA,IDR,,,CBD,,MPHA05CRN7,MIDEA MPHA-05CRN7,20,2662650,,UNIT,GD. UTAMA (SBY) - CBP,,,,,,,
323,PO.2025.01.00116,PT MIDEA PLANET INDONESIA,22/01/2025,SURABAYA,IDR,,,CBD,,MSIAF05CRDN2X,MIDEA MSIAF05CRDN2X,10,3191300,,SET,GD. UTAMA (SBY) - CBP,,,,,,,
324,PO.2025.01.00116,PT MIDEA PLANET INDONESIA,22/01/2025,SURABAYA,IDR,,,CBD,,MSIAF12CRDN2X,MIDEA MSIAF12CRDN2X,1,4548330,,SET,GD. UTAMA (SBY) - CBP,,,,,,,
325,PO.2025.01.00116,PT MIDEA PLANET INDONESIA,22/01/2025,SURABAYA,IDR,,,CBD,,MSIAF18CRDN2X,MIDEA MSIAF18CRDN2X,2,5441700,,SET,GD. UTAMA (SBY) - CBP,,,,,,,
326,PO.2025.01.00118,PT DAIKIN AIRCONDITIONING INDONESIA,23/01/2025,SURABAYA,IDR,,,CBD,,STC35NV,DAIKIN STC-35NV,10,4889710,,SET,GD. UTAMA (SBY) - CBP,,,,,,,
327,PO.2025.01.00118,PT DAIKIN AIRCONDITIONING INDONESIA,23/01/2025,SURABAYA,IDR,,,CBD,,STC50XV,DAIKIN STC-50XV,10,6514060,,SET,GD. UTAMA (SBY) - CBP,,,,,,,
328,PO.2025.01.00160,PT TOKOPEDIA,31/01/2025,MADIUN,IDR,,,CBD,,TF,TRANSACTION FEE,1,372514,,LOT,,,,,,,,
329,PO.2025.01.00118,PT DAIKIN AIRCONDITIONING INDONESIA,23/01/2025,SURABAYA,IDR,,,CBD,,STV15CXV,DAIKIN STV-15CXV,2,3315340,,SET,GD. UTAMA (SBY) - CBP,,,,,,,
330,PO.2025.01.00118,PT DAIKIN AIRCONDITIONING INDONESIA,23/01/2025,SURABAYA,IDR,,,CBD,,STV35CXV,DAIKIN STV-35CXV,7,4506530,,SET,GD. UTAMA (SBY) - CBP,,,,,,,
331,PO.2025.01.00121,PT SAMSUNG ELECTRONICS INDONESIA,23/01/2025,BALI,IDR,,,NET 55,,AC071TN4PKC/EA,SAMSUNG AC071TN4PKC/EA,1,21684000,,SET,GD. UTAMA (BALI) - CBP,,,,,,,
332,PO.2025.01.00108,PT FLIFE TECHNOLOGIES INDONESIA,21/01/2025,SURABAYA,IDR,,,CBD,,FAC05FC00,FLIFE FAC-05FC00,7,2514244,,SET,GD. UTAMA (SBY) - CBP,,,,,,,
333,PO.2025.01.00108,PT FLIFE TECHNOLOGIES INDONESIA,21/01/2025,SURABAYA,IDR,,,CBD,,FAC09FC00,FLIFE FAC-09FC00,3,2853161,,SET,GD. UTAMA (SBY) - CBP,,,,,,,
334,PO.2025.01.00113,CV MIAMI ELECTRONIC,22/01/2025,SURABAYA,IDR,,,CBD,,GWC12N1A,GREE GWC-12N1A,10,4490970,,SET,GD. UTAMA (SBY) - CBP,,,,,,,
335,PO.2025.01.00113,CV MIAMI ELECTRONIC,22/01/2025,SURABAYA,IDR,,,CBD,,GWC18N1A,GREE GWC-18N1A,15,6044070,,SET,GD. UTAMA (SBY) - CBP,,,,,,,
336,PO.2025.01.00122,CV BANDUNG GEMILANG SENTOSA,23/01/2025,SURABAYA,IDR,,,CBD,,GWC18N1A,GREE GWC-18N1A,14,5868680,,SET,GD. UTAMA (SBY) - CBP,,,,,,,
337,PO.2025.01.00122,CV BANDUNG GEMILANG SENTOSA,23/01/2025,SURABAYA,IDR,,,CBD,,GU140TAK,GREE GU140T/A-K,1,22140000,,SET,GD. UTAMA (SBY) - CBP,,,,,,,
338,PO.2025.01.00111,PT AKARI INDONESIA,22/01/2025,SURABAYA,IDR,,,NET 30,,A05TC88NLW,AKARI A05TC88NLW,20,2300000,,SET,GD. UTAMA (SBY) - CBP,,,,,,,
339,PO.2025.01.00161,PT TOKOPEDIA,31/01/2025,SURABAYA,IDR,,,CBD,,BO FEE,BEBAS ONGKIR FEE,1,144144,,LOT,,,,,,,,
340,PO.2025.01.00120,PT CHANGHONG MEILING ELECTRIC INDONESIA,23/01/2025,SURABAYA,IDR,,,NET 60,,CSC05RDX4,CHANGHONG CSC-05RDX4,15,2430400,,SET,GD. UTAMA (BALI) - CBP,,,,,,,
341,PO.2025.01.00139,,30/01/2025,SURABAYA,USD,,,CBD,,B1438,"ZUTTO 1/4""-3/8"" (0,76-0,81)",50,111,,MTR,GD. UTAMA (SBY) - CBP,,,,,,,
342,PO.2025.01.00139,,30/01/2025,SURABAYA,USD,,,CBD,,S1412,"ZUTTO 1/4""-1/2"" (0,40-0,51)",50,86.3,,MTR,GD. UTAMA (SBY) - CBP,,,,,,,
343,PO.2025.01.00139,,30/01/2025,SURABAYA,USD,,,CBD,,B1412,"ZUTTO 1/4""-1/2"" (0,76-0,81)",50,134.7,,MTR,GD. UTAMA (SBY) - CBP,,,,,,,
344,PO.2025.01.00139,,30/01/2025,SURABAYA,USD,,,CBD,,S1458,"ZUTTO 1/4""-5/8"" (0,40-0,61)",50,115.9,,MTR,GD. UTAMA (SBY) - CBP,,,,,,,
345,PO.2025.01.00140,,30/01/2025,SURABAYA,USD,,,CBD,,S1438,"ZUTTO 1/4""-3/8"" (0,40-0,45)",60,66.7,,MTR,GD. UTAMA (SBY) - CBP,,,,,,,
346,PO.2025.01.00140,,30/01/2025,SURABAYA,USD,,,CBD,,P1438,"ZUTTO 1/4""-3/8"" (0,61-0,61)",90,87.4,,MTR,GD. UTAMA (SBY) - CBP,,,,,,,
347,PO.2025.01.00140,,30/01/2025,SURABAYA,USD,,,CBD,,S1438,"ZUTTO 1/4""-3/8"" (0,40-0,45)",90,67.1,,MTR,GD. UTAMA (SBY) - CBP,,,,,,,
348,PO.2025.01.00140,,30/01/2025,SURABAYA,USD,,,CBD,,P1438,"ZUTTO 1/4""-3/8"" (0,61-0,61)",30,87.6,,MTR,GD. UTAMA (SBY) - CBP,,,,,,,
349,PO.2025.01.00124,PT MEGAH PERTAMA INDAH,23/01/2025,SURABAYA,IDR,,,CBD,,,,1,6650000,,SET,GD. UTAMA (SBY) - CBP,,,,,,,
350,PO.2025.01.00123,PT SHOPEE INTERNATIONAL INDONESIA,01/01/2025,SURABAYA,IDR,,,CBD,,BA,BIAYA ADMINISTRASI,1,10021176,,LOT,,,,,,,,
351,PO.2025.01.00123,PT SHOPEE INTERNATIONAL INDONESIA,01/01/2025,SURABAYA,IDR,,,CBD,,BL,BIAYA LAYANAN,1,4807151,,LOT,,,,,,,,
352,PO.2025.01.00123,PT SHOPEE INTERNATIONAL INDONESIA,01/01/2025,SURABAYA,IDR,,,CBD,,BPB,BIAYA PEMBAYARAN,1,0,,LOT,,,,,,,,
353,PO.2025.01.00123,PT SHOPEE INTERNATIONAL INDONESIA,01/01/2025,SURABAYA,IDR,,,CBD,,BPL,BIAYA PEMELIHARAAN,1,0,,LOT,,,,,,,,
354,PO.2025.01.00120,PT CHANGHONG MEILING ELECTRIC INDONESIA,23/01/2025,SURABAYA,IDR,,,NET 60,,CSC05RDX4,CHANGHONG CSC-05RDX4,16,2430400,,SET,GD. UTAMA (SBY) - CBP,,,,,,,
355,PO.2025.01.00020,PT SARANA KENCANA MULYA,06/01/2025,SURABAYA,IDR,,,NET 28,,PAC18VH,POLYTRON PAC18VH,20,4624009.96,,SET,GD. UTAMA (SBY) - CBP,,,,,,,
356,PO.2025.01.00019,PT SARANA KENCANA MULYA,06/01/2025,SURABAYA,IDR,,,NET 28,,PAC05VH,POLYTRON PAC05VH,190,2072719.9,,SET,GD. UTAMA (SBY) - CBP,,,,,,,
357,PO.2025.01.00019,PT SARANA KENCANA MULYA,06/01/2025,SURABAYA,IDR,,,NET 28,,PAC05VH,POLYTRON PAC05VH,173,2244100,,SET,GD. UTAMA (SBY) - CBP,,,,,,,
358,PO.2025.01.00140,,30/01/2025,SURABAYA,USD,,,CBD,,P1412,"ZUTTO 1/4""-1/2"" (0,61-0,65)",50,109,,MTR,GD. UTAMA (SBY) - CBP,,,,,,,
359,PO.2025.01.00140,,30/01/2025,SURABAYA,USD,,,CBD,,P3858,"ZUTTO 3/8""-5/8"" (0,61-0,71)",25,156.2,,MTR,GD. UTAMA (SBY) - CBP,,,,,,,
360,PO.2025.01.00140,,30/01/2025,SURABAYA,USD,,,CBD,,S1438,"ZUTTO 1/4""-3/8"" (0,40-0,45)",40,65.8,,MTR,GD. UTAMA (SBY) - CBP,,,,,,,
361,PO.2025.01.00162,PT TOKOPEDIA,31/01/2025,MADIUN,IDR,,,CBD,,SF,SERVICE FEE,1,966090,,LOT,,,,,,,,
362,PO.2025.01.00148,PT SARANA KENCANA MULYA,30/01/2025,SURABAYA,IDR,,,NET 28,,PAC09VZSI,POLYTRON PAC09VZSI,5,2644755,,SET,GD. UTAMA (SBY) - CBP,,,,,,,
363,PO.2025.01.00149,PT SARANA KENCANA MULYA,15/01/2025,SURABAYA,IDR,,,NET 28,,PAC09VZI,POLYTRON PAC09VZI,2,2497755,,SET,GD. UTAMA (SBY) - CBP,,,,,,,
364,PO.2025.01.00148,PT SARANA KENCANA MULYA,30/01/2025,SURABAYA,IDR,,,NET 28,,PAC09VZI,POLYTRON PAC09VZI,5,2497755,,SET,GD. UTAMA (SBY) - CBP,,,,,,,
365,PO.2025.01.00148,PT SARANA KENCANA MULYA,30/01/2025,SURABAYA,IDR,,,NET 28,,PAC09VZSI,POLYTRON PAC09VZSI,3,2644755,,SET,GD. UTAMA (SBY) - CBP,,,,,,,
366,PO.2025.01.00148,PT SARANA KENCANA MULYA,30/01/2025,SURABAYA,IDR,,,NET 28,,PAC05VZI,POLYTRON PAC05VZI,4,2274510,,SET,GD. UTAMA (SBY) - CBP,,,,,,,
367,PO.2025.01.00149,PT SARANA KENCANA MULYA,15/01/2025,SURABAYA,IDR,,,NET 28,,PAC05VZI,POLYTRON PAC05VZI,1,2274510,,SET,GD. UTAMA (SBY) - CBP,,,,,,,
368,PO.2025.01.00148,PT SARANA KENCANA MULYA,30/01/2025,SURABAYA,IDR,,,NET 28,,PAC05VZSI,POLYTRON PAC05VZSI,1,2421510,,SET,GD. UTAMA (SBY) - CBP,,,,,,,
369,PO.2025.01.00148,PT SARANA KENCANA MULYA,30/01/2025,SURABAYA,IDR,,,NET 28,,PAC09VZI,POLYTRON PAC09VZI,13,2497755,,SET,GD. UTAMA (SBY) - CBP,,,,,,,
370,PO.2025.02.00092,CV ALLEND,24/01/2025,BALI,IDR,,,CBD,,,,1,18877653,,SET,GD. UTAMA (BALI) - CBP,,,,,,,
371,PO.2025.02.00092,CV ALLEND,24/01/2025,BALI,IDR,,,CBD,,JASAPEMASANGAN,JASA PEMASANGAN,1,2547000,,LOT,,,,,,,,
372,PO.2025.01.00163,PT SARANA KENCANA MULYA,17/01/2025,SURABAYA,IDR,,,NET 28,,PSF2032,POLYTRON PSF2032,10,6882075,,SET,,,,,,,,
373,PO.2025.01.00126,PT SARANA KENCANA MULYA,23/01/2025,BALI,IDR,,,NET 28,,PAC09VZI,POLYTRON PAC09VZI,5,2497755,,SET,GD. UTAMA (BALI) - CBP,,,,,,,
374,PO.2025.01.00128,CV JAYA ARTHA SEJAHTERA,24/01/2025,SURABAYA,IDR,,,CBD,,DINABOLT,DINABOLT,5000,4504.51,,SET,GD. UTAMA (SBY) - CBP,,,,,,,
375,PO.2025.01.00133,PT SHARP ELECTRONICS INDONESIA,28/01/2025,SURABAYA,IDR,,,NET 21,,AHX18ZY,SHARP AH-X18ZY,8,5962920,,SET,GD. UTAMA (SBY) - CBP,,,,,,,
376,PO.2025.01.00133,PT SHARP ELECTRONICS INDONESIA,28/01/2025,SURABAYA,IDR,,,NET 21,,AHAP7BMY,SHARP AH-AP7BMY,5,3165720,,SET,GD. UTAMA (SBY) - CBP,,,,,,,
377,PO.2025.01.00133,PT SHARP ELECTRONICS INDONESIA,28/01/2025,SURABAYA,IDR,,,NET 21,,AHAP9BMY,SHARP AH-AP9BMY,5,3307800,,SET,GD. UTAMA (SBY) - CBP,,,,,,,
378,PO.2025.01.00019,PT SARANA KENCANA MULYA,06/01/2025,SURABAYA,IDR,,,NET 28,,PAC09VH,POLYTRON PAC09VH,20,2324344.15,,SET,GD. UTAMA (BALI) - CBP,,,,,,,
379,PO.2025.01.00120,PT CHANGHONG MEILING ELECTRIC INDONESIA,23/01/2025,SURABAYA,IDR,,,NET 60,,CSC05RDX4,CHANGHONG CSC-05RDX4,14,2430400,,SET,GD. UTAMA (SBY) - CBP,,,,,,,
380,PO.2025.01.00120,PT CHANGHONG MEILING ELECTRIC INDONESIA,23/01/2025,SURABAYA,IDR,,,NET 60,,CSC09RDX4,CHANGHONG CSC-09RDX4,5,2750000,,SET,GD. UTAMA (BALI) - CBP,,,,,,,
381,PO.2025.01.00019,PT SARANA KENCANA MULYA,06/01/2025,SURABAYA,IDR,,,NET 28,,PAC09VH,POLYTRON PAC09VH,40,2471400,,SET,GD. UTAMA (MDN) - CBP,,,,,,,
382,PO.2025.01.00164,PT. GLOBAL DIGITAL NIAGA TBK.,31/01/2025,SURABAYA,IDR,,,CBD,,JASAMANAGEMENT,JASA MANAGEMENT,1,1577618,,LOT,,,,,,,,
383,,,,,,,,,,,,,,,,,,,,,,,
384,,,,,,,,,,,,,,,,,,,,,,,
385,,,,,,,,,,,,,,,,,,,,,,,
386,,,,,,,,,,,,,,,,,,,,,,,
387,,,,,,,,,,,,,,,,,,,,,,,
388,,,,,,,,,,,,,,,,,,,,,,,
389,,,,,,,,,,,,,,,,,,,,,,,
390,,,,,,,,,,,,,,,,,,,,,,,
391,,,,,,,,,,,,,,,,,,,,,,,
392,,,,,,,,,,,,,,,,,,,,,,,
393,,,,,,,,,,,,,,,,,,,,,,,
